restaurantId,name,status,itemCount,menuVerdict,allergenSourceVerdict,extractionVerdict,criticalFindings,highFindings,repairStatus,updatedAt
andpizza-dc,&pizza,codex_verified,50,verified,verified,verified,0,3,verified,2026-07-14T16:46:44.622Z
osm-10-pizza-2622784870,10 Pizza,codex_verified,57,verified,accurately_unavailable,verified,0,3,verified,2026-08-27T19:29:59.373Z
osm-100-bowls-soup-stock-13738956373,100 Bowls Soup & Stock,codex_verified,9,verified,verified,verified,0,2,verified,2026-08-27T19:29:59.373Z
replacement-1310-kitchen-and-bar-washington-dc,1310 Kitchen and Bar,codex_verified,87,verified,verified,verified,0,2,verified,2026-08-27T19:29:59.373Z
restaurant-1789-dc,1789 Restaurant,codex_verified,39,verified,verified,verified,0,3,verified,2026-08-27T19:29:59.373Z
osm-1799-prime-204629784,1799 Prime,codex_verified,53,verified,verified,verified,0,3,verified,2026-08-27T19:29:59.373Z
1799-prime-steak-and-seafood-alexandria-va-dc-metro,1799 Prime Steak & Seafood,codex_verified,53,verified,verified,verified,0,3,verified,2026-08-27T19:29:59.373Z
osm-1983-chinese-cuisine-10746777097,1983 Chinese Cuisine,codex_verified,94,verified,verified,verified,0,2,verified,2026-08-27T19:29:59.373Z
2-amys-washington-dc-dc-metro,2 Amys,codex_verified,130,verified,verified,verified,0,3,verified,2026-08-27T19:29:59.373Z
2941-restaurant-falls-church-va-dc-metro,2941 Restaurant,codex_verified,25,verified,verified,verified,0,2,verified,2026-08-27T19:29:59.373Z
two-fifty-bbq-dc,2Fifty Texas BBQ,codex_verified,62,verified,verified,verified,0,3,verified,2026-08-27T19:29:59.373Z
ninety-second-pizza-georgetown-dc,90 Second Pizza Georgetown,codex_verified,23,verified,verified,verified,0,3,verified,2026-08-27T19:29:59.373Z
replacement-9292-korean-bbq-annandale-va,9292 Korean BBQ,codex_verified,73,verified,accurately_unavailable,verified,0,4,verified,2026-08-27T19:29:59.373Z
osm-a-modo-mio-207944730,A Modo Mio,codex_verified,165,verified,verified,verified,0,3,verified,2026-08-27T19:29:59.373Z
a-litteri-dc,A. Litteri,codex_verified,18,verified,verified,verified,0,4,verified,2026-08-27T19:29:59.373Z
osm-aandj-9382941658,A&J Restaurant,codex_verified,217,verified,verified,verified,0,4,verified,2026-08-27T19:29:59.373Z
osm-aandj-s-northern-chinese-dim-sum-633639009,A&J's Northern Chinese Dim Sum,codex_verified,65,verified,verified,verified,0,4,verified,2026-08-27T19:29:59.373Z
acqua-bistecca-washington-dc-dc-metro,Acqua Bistecca,codex_verified,25,verified,verified,verified,0,4,verified,2026-08-27T19:29:59.373Z
ada-s-on-the-river-alexandria-va-dc-metro,Ada's on the River,codex_verified,49,verified,verified,verified,0,4,verified,2026-08-27T19:29:59.373Z
osm-adyar-ananda-bhavan-638589103,Adyar Ananda Bhavan,codex_verified,167,verified,verified,verified,0,4,verified,2026-08-27T19:29:59.373Z
afghan-bistro-springfield-va-dc-metro,Afghan Bistro,codex_verified,116,verified,verified,verified,0,3,verified,2026-08-27T19:29:59.373Z
osm-afghan-kabob-3359956639,Afghan Kabob Restaurant,codex_verified,12,verified,verified,verified,0,3,verified,2026-08-27T19:29:59.373Z
replacement-afghania-washington-dc,Afghania,codex_verified,152,verified,verified,verified,0,3,verified,2026-08-27T19:29:59.373Z
agora-dc,Agora DC,codex_verified,63,verified,verified,verified,0,3,verified,2026-08-27T19:29:59.373Z
agora-tysons-va,Agora Tysons,codex_verified,54,verified,verified,verified,0,3,verified,2026-08-27T19:29:59.373Z
agua-301-restaurant-washington-dc-dc-metro,Agua 301 Restaurant,codex_verified,195,verified,verified,verified,0,3,verified,2026-08-27T19:29:59.373Z
replacement-ahso-restaurant-brambleton-va,Ahso Restaurant,codex_verified,22,verified,verified,verified,0,3,verified,2026-08-27T19:29:59.373Z
air-restaurant-washington-dc-dc-metro,Air Restaurant,codex_verified,30,verified,verified,verified,0,3,verified,2026-08-27T19:29:59.373Z
osm-akeno-sushi-thai-11475736769,Akeno Sushi Bar & Thai,codex_verified,224,verified,verified,verified,0,3,verified,2026-08-27T19:29:59.373Z
akira-ramen-and-izakaya-rockville-md-dc-metro,Akira Ramen & Izakaya,codex_verified,73,verified,verified,verified,0,3,verified,2026-08-27T19:29:59.373Z
replacement-al-tiramisu-washington-dc,Al Tiramisu,codex_verified,30,verified,verified,verified,0,3,verified,2026-08-27T19:29:59.373Z
ala-bethesda-dc-metro,ala Bethesda,codex_verified,34,verified,verified,verified,0,3,verified,2026-08-27T19:29:59.373Z
alara-georgetown-dc,Alara Georgetown,codex_verified,104,verified,verified,verified,0,3,verified,2026-08-27T19:29:59.373Z
alatri-bros-bethesda-md,Alatri Bros.,codex_verified,66,verified,verified,verified,0,3,verified,2026-08-27T19:29:59.373Z
albi-dc,Albi,codex_verified,29,verified,verified,verified,0,3,verified,2026-08-27T19:29:59.373Z
alero-dupont-dc,Alero Dupont Circle,codex_verified,42,verified,verified,verified,0,3,verified,2026-08-27T19:29:59.373Z
replacement-alhambra-washington-dc,Alhambra,codex_verified,113,verified,verified,verified,0,3,verified,2026-08-27T19:29:59.373Z
all-about-burger-glover-park-dc,All About Burger Glover Park,codex_verified,59,verified,verified,verified,0,3,verified,2026-08-27T19:29:59.373Z
all-set-restaurant-and-bar-silver-spring-md-dc-metro,All Set Restaurant & Bar,codex_verified,101,verified,verified,verified,0,3,verified,2026-08-27T19:29:59.373Z
all-purpose-shaw-dc,All-Purpose Shaw,codex_verified,39,verified,verified,verified,0,3,verified,2026-08-27T19:29:59.373Z
osm-allgorhythms-12234974276,AllGoRhythms,codex_verified,82,verified,verified,verified,0,2,verified,2026-08-27T19:29:59.373Z
osm-allspice-catering-3397462219,AllSpice Cafe & Catering,codex_verified,108,verified,verified,verified,0,2,verified,2026-08-27T19:29:59.373Z
replacement-alta-strada-fairfax-va-fairfax-va,"Alta Strada - Fairfax, VA",codex_verified,29,verified,verified,verified,0,2,verified,2026-08-27T19:29:59.373Z
ama-dc,Ama,codex_verified,36,verified,verified,verified,0,3,verified,2026-08-27T19:29:59.373Z
amazonia-dc,Amazonia,codex_verified,20,verified,verified,verified,0,2,verified,2026-08-27T19:29:59.373Z
ambar-restaurant-capitol-hill-washington-dc-dc-metro,"AMBAR Restaurant, Capitol Hill",codex_verified,39,verified,verified,verified,0,3,verified,2026-08-27T19:29:59.373Z
ambar-restaurant-clarendon-arlington-va-dc-metro,"AMBAR Restaurant, Clarendon",codex_verified,39,verified,verified,verified,0,4,verified,2026-08-27T19:29:59.373Z
replacement-ambassador-restaurant-washington-dc,Ambassador Restaurant,codex_verified,19,verified,accurately_unavailable,verified,0,5,verified,2026-08-27T19:29:59.373Z
replacement-amelie-dc-bistro-and-wine-bar-washington-dc,Amélie DC Bistro & Wine Bar,codex_verified,48,verified,verified,verified,0,5,verified,2026-08-27T19:29:59.373Z
amoo-s-restaurant-mclean-va-dc-metro,Amoo's Restaurant,codex_verified,19,verified,verified,verified,2,4,verified,2026-08-27T19:29:59.373Z
amparo-fondita-dc,Amparo Fondita,codex_verified,6,verified,verified,verified,1,4,verified,2026-07-15T03:02:48.200Z
osm-amphora-diner-deluxe-152763392,Amphora Diner Deluxe,codex_verified,100,verified,verified,verified,2,2,verified,2026-08-27T19:29:59.373Z
amphoras-diner-deluxe-herndon-va-dc-metro,Amphora's Diner Deluxe,codex_verified,101,verified,verified,verified,2,2,verified,2026-08-27T19:29:59.373Z
osm-amuse-3396064825,Amuse,codex_verified,11,verified,accurately_unavailable,verified,1,1,verified,2026-08-27T19:29:59.373Z
anafre-dc,Anafre,codex_verified,47,verified,verified,verified,1,2,verified,2026-08-27T19:29:59.373Z
osm-anatolian-bistro-6230019077,Anatolian Bistro,codex_verified,111,verified,verified,verified,2,3,verified,2026-08-27T19:29:59.373Z
andys-pizza-dc,Andy's Pizza,codex_verified,27,verified,verified,verified,2,2,verified,2026-08-27T19:29:59.373Z
anju-dc,Anju,codex_verified,45,verified,verified,verified,3,2,verified,2026-08-27T19:29:59.373Z
annabelle-dc,Annabelle,codex_verified,26,verified,verified,verified,3,2,verified,2026-08-27T19:29:59.373Z
annie-s-paramount-steak-house-washington-dc-dc-metro,Annie's Paramount Steak House,codex_verified,121,verified,verified,verified,3,2,verified,2026-08-27T19:29:59.373Z
osm-anthony-s-7464874523,Anthony's,codex_verified,184,verified,verified,verified,2,3,verified,2026-08-27T19:29:59.373Z
replacement-antonelli-s-pizza-lorton-va,Antonelli's Pizza,codex_verified,100,verified,verified,verified,2,3,verified,2026-08-27T19:29:59.373Z
ap-pizza-shop-bethesda-dc-metro,AP Pizza Shop Bethesda,codex_verified,47,verified,verified,verified,2,3,verified,2026-08-27T19:29:59.373Z
replacement-apapacho-taqueria-washington-dc,Apapacho Taqueria,codex_verified,51,verified,verified,verified,4,1,verified,2026-08-27T19:29:59.373Z
replacement-apero-washington-dc,Apéro,codex_verified,49,verified,verified,verified,4,1,verified,2026-08-27T19:29:59.373Z
applebees,Applebee's,codex_verified,118,verified,verified,verified,2,3,verified,2026-08-27T19:29:59.373Z
osm-aracosia-3584164912,Aracosia,codex_verified,139,verified,verified,verified,4,1,verified,2026-08-27T19:29:59.373Z
arbys,Arby's,codex_verified,66,verified,verified,verified,3,1,verified,2026-07-15T09:14:38.667Z
arenas-georgetown-dc,Arena's Georgetown,codex_verified,90,verified,verified,verified,2,2,verified,2026-08-27T19:29:59.373Z
arepa-zone-dc,Arepa Zone,codex_verified,49,verified,verified,verified,2,2,verified,2026-08-27T19:29:59.373Z
osm-arepas-capitol-12316378227,Arepas Capitol,codex_verified,9,verified,accurately_unavailable,verified,2,1,verified,2026-08-27T19:29:59.373Z
ariake-japanese-restaurant-reston-va-dc-metro,Ariake Japanese Restaurant,codex_verified,190,verified,verified,verified,3,1,verified,2026-08-27T19:29:59.373Z
osm-armetta-s-italian-pizzeria-3935138350,Armetta's Italian Grill & Pizzeria,codex_verified,238,verified,verified,verified,3,2,verified,2026-08-27T19:29:59.373Z
aroma-pizza-lorton-dc-metro,Aroma Pizza Company Lorton,codex_verified,178,verified,accurately_unavailable,verified,4,0,verified,2026-08-27T19:29:59.373Z
osm-aroma-banquet-1395623894,Aroma Restaurant Bar & Banquet,codex_verified,110,verified,verified,verified,2,2,verified,2026-08-27T19:29:59.373Z
arrels-dc,Arrels,codex_verified,5,verified,accurately_unavailable,verified,2,2,verified,2026-08-27T19:29:59.373Z
art-and-soul-dc,Art and Soul,codex_verified,52,verified,verified,verified,2,2,verified,2026-08-27T19:29:59.373Z
osm-artha-rini-45808686,Artha Rini,codex_verified,62,verified,verified,verified,3,1,verified,2026-08-27T19:29:59.373Z
artie-s-fairfax-va-dc-metro,Artie's,codex_verified,59,verified,verified,verified,2,2,verified,2026-08-27T19:29:59.373Z
ashburn-biryani-grill-ashburn-va-dc-metro,Ashburn Biryani Grill,codex_verified,11,verified,verified,verified,2,2,verified,2026-08-27T19:29:59.373Z
osm-asia-garden-11366360044,Asia Garden,codex_verified,22,verified,verified,verified,4,0,verified,2026-08-27T19:29:59.373Z
osm-asia-nine-1236156059,Asia Nine,codex_verified,132,verified,verified,verified,3,1,verified,2026-08-27T19:29:59.373Z
osm-asian-2393478597,Asian Grill,codex_verified,257,verified,verified,verified,0,1,verified,2026-08-27T19:29:59.373Z
astro-doughnuts-dc,Astro Doughnuts & Fried Chicken,codex_verified,39,verified,verified,verified,0,2,verified,2026-08-27T19:29:59.373Z
osm-atlacatl-pupuseria-372658150,Atlacatl Pupuseria,codex_verified,33,verified,verified,verified,0,2,verified,2026-08-27T19:29:59.373Z
atlas-and-andys-pizza-navy-yard-dc,Atlas Brew Works & Andy's Pizza Navy Yard,codex_verified,39,verified,verified,verified,0,3,verified,2026-08-27T19:29:59.373Z
augie-s-mussel-house-and-beer-garden-alexandria-va-dc-metro,Augie's Mussel House and Beer Garden,codex_verified,69,verified,verified,verified,0,4,verified,2026-08-27T19:29:59.373Z
auntie-annes,Auntie Anne's,codex_verified,37,verified,verified,verified,0,4,verified,2026-08-27T19:29:59.373Z
aventino-bethesda,Aventino Cucina,codex_verified,55,verified,verified,verified,0,4,verified,2026-08-27T19:29:59.373Z
osm-aventino-cucina-romana-12342520793,Aventino Cucina Romana,codex_verified,19,verified,verified,verified,0,3,verified,2026-08-27T19:29:59.373Z
replacement-awakening-bar-and-grill-washington-dc,Awakening Bar & Grill,codex_verified,48,verified,verified,verified,0,4,verified,2026-08-27T19:29:59.373Z
osm-ay-e-meze-lounge-13134929927,AYŞE Meze Lounge,codex_verified,106,verified,verified,verified,0,5,verified,2026-08-27T19:29:59.373Z
azteca-restaurant-college-park-md-dc-metro,Azteca Restaurant,codex_verified,3,verified,verified,verified,0,3,verified,2026-08-27T19:29:59.373Z
b-side-mosaic-fairfax-va,B Side,codex_verified,25,verified,verified,verified,0,4,verified,2026-08-27T19:29:59.373Z
baan-mae-dc,Baan Mae,codex_verified,28,verified,accurately_unavailable,not_applicable,0,0,verified,2026-08-27T19:29:59.373Z
baan-siam-dc,Baan Siam,codex_verified,76,verified,accurately_unavailable,not_applicable,0,0,verified,2026-08-27T19:29:59.373Z
osm-babylon-futbol-9311198934,Babylon Futbol Cafe,codex_verified,30,verified,accurately_unavailable,not_applicable,0,0,verified,2026-08-27T19:29:59.373Z
replacement-bacchus-of-lebanon-bethesda-md,Bacchus of Lebanon,codex_verified,91,verified,accurately_unavailable,not_applicable,0,0,verified,2026-08-27T19:29:59.373Z
osm-badd-pizza-2193531310,Badd Pizza,codex_verified,18,verified,accurately_unavailable,not_applicable,0,0,verified,2026-08-27T19:29:59.373Z
osm-bai-khao-thai-3763902064,Bai Khao Thai,codex_verified,70,verified,accurately_unavailable,not_applicable,0,0,verified,2026-08-27T19:29:59.373Z
baked-and-wired-dc,Baked & Wired,codex_verified,194,verified,accurately_unavailable,not_applicable,0,0,verified,2026-08-27T19:29:59.373Z
osm-bakeshop-11399205397,Bakeshop,codex_verified,16,verified,accurately_unavailable,not_applicable,0,0,verified,2026-07-16T21:56:05.732Z
osm-ballston-local-9596339846,Ballston Local,codex_verified,127,verified,accurately_unavailable,not_applicable,0,0,verified,2026-08-27T19:29:59.373Z
balos-estiatorio-dc,Balos Estiatorio,codex_verified,108,verified,accurately_unavailable,not_applicable,0,0,verified,2026-08-27T19:29:59.373Z
osm-bamian-10648891106,Bamian Restaurant,codex_verified,88,verified,accurately_unavailable,not_applicable,0,0,verified,2026-08-27T19:29:59.373Z
bammys-dc,Bammy's,codex_verified,179,verified,accurately_unavailable,not_applicable,0,0,verified,2026-08-27T19:29:59.373Z
bandit-taco-dc,Bandit Taco,codex_verified,113,verified,accurately_unavailable,not_applicable,0,0,verified,2026-08-27T19:29:59.373Z
replacement-bandoola-bowl-washington-dc,Bandoola Bowl,codex_verified,13,verified,accurately_unavailable,not_applicable,0,0,verified,2026-08-27T19:29:59.373Z
bangkok-54-arlington-dc-metro,Bangkok 54 Arlington,codex_verified,262,verified,accurately_unavailable,not_applicable,0,0,verified,2026-08-27T19:29:59.373Z
osm-b-nh-cu-n-th-ng-long-4828125262,Bánh Cuốn Thăng Long,codex_verified,37,verified,accurately_unavailable,not_applicable,0,0,verified,2026-08-27T19:29:59.373Z
bantam-king-dc,Bantam King,codex_verified,52,verified,accurately_unavailable,not_applicable,0,0,verified,2026-08-27T19:29:59.373Z
osm-bao-bei-633630359,Bao Bei,codex_verified,36,verified,accurately_unavailable,not_applicable,0,0,verified,2026-08-27T19:29:59.373Z
bar-angie-dc,Bar Angie,codex_verified,97,verified,accurately_unavailable,not_applicable,0,0,verified,2026-08-27T19:29:59.373Z
replacement-bar-chinois-dc-washington-dc,Bar Chinois DC,codex_verified,21,verified,accurately_unavailable,not_applicable,0,0,verified,2026-08-27T19:29:59.373Z
osm-colline-13121610585,Bar Colline,codex_verified,41,verified,accurately_unavailable,not_applicable,0,0,verified,2026-08-27T19:29:59.373Z
barca-pier-and-wine-bar-alexandria-va-dc-metro,BARCA Pier & Wine Bar,codex_verified,26,verified,accurately_unavailable,not_applicable,0,0,verified,2026-08-27T19:29:59.373Z
barcelona-wine-bar-washington-dc-dc-metro,Barcelona Wine Bar,codex_verified,35,verified,accurately_unavailable,not_applicable,0,0,verified,2026-08-27T19:29:59.373Z
barcelona-wine-bar-reston-va,Barcelona Wine Bar Reston,codex_verified,34,verified,accurately_unavailable,not_applicable,0,0,verified,2026-08-27T19:29:59.373Z
barking-mad-gaithersburg-md-dc-metro,Barking Mad,codex_verified,64,verified,accurately_unavailable,not_applicable,0,0,verified,2026-08-27T19:29:59.373Z
osm-barley-mac-4335908535,Barley Mac,codex_verified,76,verified,accurately_unavailable,not_applicable,0,0,verified,2026-08-27T19:29:59.373Z
barmini-dc,barmini by Jose Andres,codex_verified,0,verified,accurately_unavailable,not_applicable,0,0,verified,2026-07-16T22:15:03.939Z
osm-barnside-diner-260553700,Barnside Diner,codex_verified,134,verified,accurately_unavailable,not_applicable,0,0,verified,2026-08-27T19:29:59.373Z
replacement-barrel-washington-dc,Barrel,codex_verified,42,verified,accurately_unavailable,not_applicable,0,0,verified,2026-08-27T19:29:59.373Z
barrel-and-bushel-tysons-va-dc-metro,Barrel & Bushel,codex_verified,94,verified,accurately_unavailable,not_applicable,0,0,verified,2026-08-27T19:29:59.373Z
osm-barrel-crow-2358153391,Barrel & Crow,codex_verified,40,verified,accurately_unavailable,not_applicable,0,0,verified,2026-08-27T19:29:59.373Z
barrel-and-crow-bethesda-dc-metro,Barrel & Crow Bethesda,codex_verified,39,verified,accurately_unavailable,not_applicable,0,0,verified,2026-08-27T19:29:59.373Z
bartaco-wharf-dc,bartaco The Wharf,codex_verified,107,verified,accurately_unavailable,not_applicable,0,0,verified,2026-08-27T19:29:59.373Z
baskin-robbins,Baskin-Robbins,codex_verified,80,verified,accurately_unavailable,not_applicable,0,0,verified,2026-08-27T19:29:59.373Z
osm-bastille-brasserie-11075705705,Bastille Brasserie & Bar,codex_verified,52,verified,accurately_unavailable,not_applicable,0,0,verified,2026-08-27T19:29:59.373Z
bayou-bakery-arlington-va,"Bayou Bakery, Coffee Bar & Eatery",codex_verified,83,verified,accurately_unavailable,not_applicable,0,0,verified,2026-08-27T19:29:59.373Z
bazaar-meat-washington-dc,Bazaar Meat by Jose Andres,codex_verified,45,verified,accurately_unavailable,not_applicable,0,0,verified,2026-08-27T19:29:59.373Z
bbq-chicken,bb.q Chicken,codex_verified,44,verified,accurately_unavailable,not_applicable,0,0,verified,2026-08-27T19:29:59.373Z
beau-thai-dc,Beau Thai,codex_verified,61,verified,accurately_unavailable,not_applicable,0,0,verified,2026-08-27T19:29:59.373Z
osm-beeliner-diner-9732729794,Beeliner Diner,codex_verified,131,verified,accurately_unavailable,not_applicable,0,0,verified,2026-08-27T19:29:59.373Z
belga-cafe-washington-dc-dc-metro,Belga Cafe,codex_verified,145,verified,accurately_unavailable,not_applicable,0,0,verified,2026-08-27T19:29:59.373Z
replacement-bella-indian-and-italian-cuisine-laurel-md,Bella Indian & Italian Cuisine,codex_verified,40,verified,accurately_unavailable,not_applicable,0,0,verified,2026-08-27T19:29:59.373Z
ben-and-jerry-s-washington-dc-dc-metro,Ben & Jerry’s,codex_verified,25,verified,accurately_unavailable,not_applicable,0,0,verified,2026-08-27T19:29:59.373Z
osm-ben-yehuda-7078188658,Ben Yehuda,codex_verified,9,verified,accurately_unavailable,not_applicable,0,0,verified,2026-08-27T19:29:59.373Z
bens-chili-bowl-u-street-dc,Ben's Chili Bowl U Street,codex_verified,75,verified,accurately_unavailable,not_applicable,0,0,verified,2026-08-27T19:29:59.373Z
ben-s-next-door-washington-dc-dc-metro,Ben's Next Door,codex_verified,115,verified,accurately_unavailable,not_applicable,0,0,verified,2026-08-27T19:29:59.373Z
osm-berries-bowls-1323149413,Berries & Bowls,codex_verified,52,verified,accurately_unavailable,not_applicable,0,0,verified,2026-08-27T19:29:59.373Z
replacement-best-buns-bakery-and-burgers-springfield-va,Best Buns Bakery & Burgers,codex_verified,116,verified,accurately_unavailable,not_applicable,0,0,verified,2026-08-27T19:29:59.373Z
beteseb-silver-spring-md,Beteseb,codex_verified,44,verified,accurately_unavailable,not_applicable,0,0,verified,2026-08-27T19:29:59.373Z
bethesda-bagels-dc,Bethesda Bagels,codex_verified,191,verified,accurately_unavailable,not_applicable,0,0,verified,2026-08-27T19:29:59.373Z
bethesda-bagels-navy-yard-dc,Bethesda Bagels Navy Yard,codex_verified,111,verified,accurately_unavailable,not_applicable,0,0,verified,2026-08-27T19:29:59.373Z
bethesda-bagels-wildwood-dc-metro,Bethesda Bagels Wildwood,codex_verified,112,verified,accurately_unavailable,not_applicable,0,0,verified,2026-08-27T19:29:59.373Z
bethesda-crab-house-md,Bethesda Crab House,codex_verified,19,verified,accurately_unavailable,not_applicable,0,0,verified,2026-08-27T19:29:59.373Z
osm-bibbop-7802068505,BibBop,codex_verified,40,verified,verified,not_applicable,0,0,verified,2026-07-17T17:37:12.836Z
osm-bibibop-asian-6952285839,BIBIBOP Asian Grill,codex_verified,40,verified,verified,not_applicable,0,0,verified,2026-07-17T19:59:16.115Z
osm-bibimix-6141419229,BiBiMix,codex_verified,48,verified,accurately_unavailable,not_applicable,0,0,verified,2026-08-27T19:29:59.373Z
big-buns-shirlington,Big Buns Damn Good Burgers,codex_verified,56,verified,accurately_unavailable,not_applicable,0,0,verified,2026-08-27T19:29:59.373Z
osm-big-tony-s-pizzeria-dive-11767597986,Big Tony’s Pizzeria & Dive Bar,codex_verified,39,verified,accurately_unavailable,not_applicable,0,0,verified,2026-08-27T19:29:59.373Z
billy-hicks-georgetown-dc,Billy Hicks Georgetown,codex_verified,44,verified,accurately_unavailable,not_applicable,0,0,verified,2026-08-27T19:29:59.373Z
bindaas-dc,Bindaas,codex_verified,99,verified,accurately_unavailable,not_applicable,0,0,verified,2026-08-27T19:29:59.373Z
bistro-aracosia-dc,Bistro Aracosia,codex_verified,123,verified,accurately_unavailable,not_applicable,0,0,verified,2026-08-27T19:29:59.373Z
replacement-bistro-cacao-washington-dc,Bistro Cacao,codex_verified,66,verified,accurately_unavailable,not_applicable,0,0,verified,2026-08-27T19:29:59.373Z
bistro-du-jour-washington-dc-dc-metro,BISTRO DU JOUR,codex_verified,75,verified,accurately_unavailable,not_applicable,0,0,verified,2026-08-27T19:29:59.373Z
bistro-l-hermitage-woodbridge-va-dc-metro,Bistro L'Hermitage,codex_verified,23,verified,accurately_unavailable,not_applicable,0,0,verified,2026-08-27T19:29:59.373Z
osm-bistro-provence-4829739070,Bistro Provence,codex_verified,13,verified,accurately_unavailable,not_applicable,0,0,verified,2026-08-27T19:29:59.373Z
bistrot-du-coin-washington-dc-dc-metro,Bistrot Du Coin,codex_verified,209,verified,accurately_unavailable,not_applicable,0,0,verified,2026-08-27T19:29:59.373Z
osm-bitez-6127374174,Bitez,codex_verified,15,verified,accurately_unavailable,not_applicable,0,0,verified,2026-08-27T19:29:59.373Z
osm-bkd-bagels-13669569925,bkd Bagels,codex_verified,70,verified,accurately_unavailable,not_applicable,0,0,verified,2026-08-27T19:29:59.373Z
osm-black-hog-8285173071,Black Hog,codex_verified,11,verified,accurately_unavailable,not_applicable,0,0,verified,2026-08-27T19:29:59.373Z
replacement-black-salt-and-black-sugar-falls-church-va,Black Salt & Black Sugar,codex_verified,15,verified,accurately_unavailable,not_applicable,0,0,verified,2026-08-27T19:29:59.373Z
blacksalt-washington-dc-dc-metro,BlackSalt,codex_verified,46,verified,accurately_unavailable,not_applicable,0,0,verified,2026-08-27T19:29:59.373Z
blackwall-hitch-alexandria-va-dc-metro,Blackwall Hitch,codex_verified,103,verified,accurately_unavailable,not_applicable,0,0,verified,2026-08-27T19:29:59.373Z
blue-duck-tavern-dc,Blue Duck Tavern,codex_verified,71,verified,accurately_unavailable,not_applicable,0,0,verified,2026-08-27T19:29:59.373Z
osm-blue-ocean-japanese-6281378373,Blue Ocean Japanese Restaurant,codex_verified,129,verified,accurately_unavailable,not_applicable,0,0,verified,2026-08-27T19:29:59.373Z
blue-ridge-seafood-restaurant-gainesville-va,Blue Ridge Seafood Restaurant,codex_verified,136,verified,accurately_unavailable,not_applicable,0,0,verified,2026-08-27T19:29:59.373Z
replacement-blue-sunday-bar-and-grill-laurel-md,Blue Sunday Bar & Grill,codex_verified,98,verified,accurately_unavailable,not_applicable,0,0,verified,2026-08-27T19:29:59.373Z
bluejacket-washington-dc-dc-metro,Bluejacket,codex_verified,66,verified,accurately_unavailable,not_applicable,0,0,verified,2026-08-27T19:29:59.373Z
chain-bluestone-lane,Bluestone Lane,codex_verified,62,verified,accurately_unavailable,not_applicable,0,0,verified,2026-08-27T19:29:59.373Z
bluestone-lane-west-end-dc,Bluestone Lane West End,codex_verified,53,verified,accurately_unavailable,not_applicable,0,0,verified,2026-08-27T19:29:59.373Z
bob-and-ediths-diner-springfield-va-dc-metro,Bob & Edith's Diner,codex_verified,98,verified,accurately_unavailable,not_applicable,0,0,verified,2026-08-27T19:29:59.373Z
bob-evans,Bob Evans,codex_verified,187,verified,accurately_unavailable,not_applicable,0,0,verified,2026-08-27T19:29:59.373Z
bob-s-shanghai-66-washington-dc-dc-metro,Bob's Shanghai 66,codex_verified,53,verified,accurately_unavailable,not_applicable,0,0,verified,2026-08-27T19:29:59.373Z
bobby-mckey-s-dueling-piano-bar-washington-dc-dc-metro,Bobby McKey's Dueling Piano Bar,codex_verified,11,verified,accurately_unavailable,not_applicable,0,0,verified,2026-08-27T19:29:59.373Z
bodega-spanish-tapas-lounge-dc,Bodega Spanish Tapas & Lounge,codex_verified,78,verified,accurately_unavailable,not_applicable,0,0,verified,2026-08-27T19:29:59.373Z
bojangles,Bojangles,codex_verified,46,verified,verified,not_applicable,0,0,verified,2026-07-20T22:06:37.230Z
bole-bole-ethiopian-kitchen-and-bar-herndon-va-dc-metro,Bole Bole Ethiopian Kitchen & Bar,codex_verified,40,verified,accurately_unavailable,not_applicable,0,0,verified,2026-08-27T19:29:59.373Z
osm-bollywood-bistro-9728465021,Bollywood Bistro,codex_verified,121,verified,accurately_unavailable,not_applicable,0,0,verified,2026-08-27T19:29:59.373Z
osm-bollywood-masala-12207948771,Bollywood Masala,codex_verified,256,verified,accurately_unavailable,not_applicable,0,0,verified,2026-08-27T19:29:59.373Z
osm-bombay-bistro-268777767,Bombay Bistro,codex_verified,94,verified,accurately_unavailable,not_applicable,0,0,verified,2026-08-27T19:29:59.373Z
osm-bombay-bites-11386303146,Bombay Bites,codex_verified,171,verified,accurately_unavailable,not_applicable,0,0,verified,2026-08-27T19:29:59.373Z
replacement-bombay-street-food-washington-dc,Bombay Street Food,codex_verified,79,verified,accurately_unavailable,not_applicable,0,0,verified,2026-08-27T19:29:59.373Z
bombay-street-food-capitol-hill-dc,Bombay Street Food Capitol Hill,codex_verified,37,verified,accurately_unavailable,not_applicable,0,0,verified,2026-08-27T19:29:59.373Z
bombay-velvet-reston-va-dc-metro,Bombay Velvet,codex_verified,115,verified,accurately_unavailable,not_applicable,0,0,verified,2026-08-27T19:29:59.373Z
bon-fresco-rockville-dc-metro,bon fresco Rockville,codex_verified,51,verified,accurately_unavailable,not_applicable,0,0,verified,2026-08-27T19:29:59.373Z
replacement-bonchon-navy-yard-washington-dc,Bonchon Navy Yard,codex_verified,53,verified,verified,not_applicable,0,0,verified,2026-08-27T19:29:59.373Z
bonefish-grill,Bonefish Grill,codex_verified,228,verified,verified,not_applicable,0,0,verified,2026-07-21T15:28:09.804Z
booeymonger-friendship-heights-dc,Booeymonger Friendship Heights,codex_verified,101,verified,accurately_unavailable,not_applicable,0,0,verified,2026-08-27T19:29:59.373Z
replacement-boogy-and-peel-washington-dc,Boogy & Peel,codex_verified,39,verified,accurately_unavailable,not_applicable,0,0,verified,2026-08-27T19:29:59.373Z
boogy-and-peel-dupont-dc,Boogy & Peel Dupont Circle,codex_verified,28,verified,accurately_unavailable,not_applicable,0,0,verified,2026-08-27T19:29:59.373Z
boqueria-penn-quarter-dc,Boqueria Penn Quarter,codex_verified,212,verified,verified,not_applicable,0,0,verified,2026-08-27T19:29:59.373Z
borek-g-cafe-market-falls-church-va,Borek G Cafe & Market,codex_verified,178,verified,accurately_unavailable,not_applicable,0,0,verified,2026-08-27T19:29:59.373Z
boru-ramen-arlington-dc-metro,Boru Ramen,codex_verified,165,verified,accurately_unavailable,not_applicable,0,0,verified,2026-08-27T19:29:59.373Z
osm-botanero-11895212138,Botanero,codex_verified,71,verified,accurately_unavailable,not_applicable,0,0,verified,2026-08-27T19:29:59.373Z
boulangerie-christophe-washington-dc-dc-metro,Boulangerie Christophe,codex_verified,45,verified,accurately_unavailable,not_applicable,0,0,verified,2026-08-27T19:29:59.373Z
boundary-stone-dc,Boundary Stone,codex_verified,38,verified,accurately_unavailable,not_applicable,0,0,verified,2026-08-27T19:29:59.373Z
brasero-atlantico-dc,Brasero Atlantico,codex_verified,12,verified,accurately_unavailable,not_applicable,0,0,verified,2026-08-27T19:29:59.373Z
brass-rabbit-clarendon-dc-metro,Brass Rabbit Clarendon,codex_verified,35,verified,accurately_unavailable,not_applicable,0,0,verified,2026-08-27T19:29:59.373Z
brasserie-liberte-washington-dc-dc-metro,Brasserie Liberté,codex_verified,100,verified,accurately_unavailable,not_applicable,0,0,verified,2026-08-27T19:29:59.373Z
osm-brazilian-place-11397737801,Brazilian Place,codex_verified,44,verified,accurately_unavailable,not_applicable,0,0,verified,2026-08-27T19:29:59.373Z
bread-furst-dc,Bread Furst,codex_verified,58,verified,accurately_unavailable,not_applicable,0,0,verified,2026-08-27T19:29:59.373Z
bresca-dc,Bresca,codex_verified,0,verified,accurately_unavailable,not_applicable,0,0,verified,2026-08-27T19:29:59.373Z
osm-brews-barrels-174614138,Brews and Barrels,codex_verified,8,verified,accurately_unavailable,not_applicable,0,0,verified,2026-08-27T19:29:59.373Z
osm-brooklyn-s-deli-6304573741,Brooklyn's Deli,codex_verified,134,verified,accurately_unavailable,not_applicable,0,0,verified,2026-08-27T19:29:59.373Z
chain-bruster-s-ice-cream,Bruster's Ice Cream,codex_verified,157,verified,verified,not_applicable,0,0,verified,2026-08-27T18:38:07.620Z
buena-vida-gastrolounge-arlington-va-dc-metro,Buena Vida Gastrolounge,codex_verified,91,verified,accurately_unavailable,not_applicable,0,0,verified,2026-08-27T19:29:59.373Z
buffalo-bergen-capitol-hill-dc,Buffalo & Bergen Capitol Hill,codex_verified,58,verified,accurately_unavailable,not_applicable,0,0,verified,2026-08-27T19:29:59.373Z
buffalo-bergen-cleveland-park-dc,Buffalo & Bergen Cleveland Park,codex_verified,64,verified,accurately_unavailable,not_applicable,0,0,verified,2026-08-27T19:29:59.373Z
buffalo-bergen-union-market-dc,Buffalo & Bergen Union Market,codex_verified,54,verified,accurately_unavailable,not_applicable,0,0,verified,2026-08-27T19:29:59.373Z
buffalo-wild-wings,Buffalo Wild Wings,codex_verified,231,verified,verified,not_applicable,0,0,verified,2026-08-27T18:38:07.620Z
bukom-cafe-dc,Bukom Cafe,codex_verified,13,verified,accurately_unavailable,not_applicable,0,0,verified,2026-08-27T19:29:59.373Z
bullfrog-bagels-dc,Bullfrog Bagels,codex_verified,40,verified,accurately_unavailable,not_applicable,0,0,verified,2026-08-27T19:29:59.373Z
bumblebirds-dc,bumblebirds,codex_verified,9,verified,accurately_unavailable,not_applicable,0,0,verified,2026-08-27T19:29:59.373Z
bund-up-union-market-dc,Bund Up Union Market,codex_verified,16,verified,accurately_unavailable,not_applicable,0,0,verified,2026-08-27T19:29:59.373Z
osm-buns-n-rice-7189139268,Buns N Rice,codex_verified,26,verified,accurately_unavailable,not_applicable,0,0,verified,2026-08-27T19:29:59.373Z
burger-king,Burger King,codex_verified,120,verified,verified,not_applicable,0,0,verified,2026-07-21T19:07:02.568Z
burgerfi,BurgerFi,codex_verified,116,verified,verified,not_applicable,0,0,verified,2026-08-27T19:29:59.373Z
burnin-bird-dc,Burnin Bird Hot Chicken,codex_verified,30,verified,accurately_unavailable,not_applicable,0,0,verified,2026-08-27T19:29:59.373Z
burtons-grill-and-bar-washington-dc-dc-metro,Burtons Grill & Bar,codex_verified,138,verified,accurately_unavailable,not_applicable,0,0,verified,2026-08-27T19:29:59.373Z
busboys-and-poets-dc,Busboys and Poets,codex_verified,130,verified,accurately_unavailable,not_applicable,0,0,verified,2026-08-27T19:29:59.373Z
cactus-cantina-dc,Cactus Cantina,codex_verified,78,verified,accurately_unavailable,not_applicable,0,0,verified,2026-08-27T19:29:59.373Z
cafe-1676-vienna-dc-metro,Cafe 1676 Vienna,codex_verified,52,verified,accurately_unavailable,not_applicable,0,0,verified,2026-08-27T19:29:59.373Z
replacement-cafe-berlin-on-capitol-hill-washington-dc,Café Berlin on Capitol Hill,codex_verified,29,verified,accurately_unavailable,not_applicable,0,0,verified,2026-08-27T19:29:59.373Z
cafe-colline-arlington-dc-metro,Cafe Colline Arlington,codex_verified,17,verified,accurately_unavailable,not_applicable,0,0,verified,2026-08-27T19:29:59.373Z
replacement-cafe-fiorello-dc-washington-dc,Cafe Fiorello DC,codex_verified,90,verified,accurately_unavailable,not_applicable,0,0,verified,2026-08-27T19:29:59.373Z
replacement-cafe-ile-mclean-va,Cafe ile,codex_verified,117,verified,accurately_unavailable,not_applicable,0,0,verified,2026-08-27T19:29:59.373Z
cafe-kindred-falls-church-va,Cafe Kindred,codex_verified,30,verified,accurately_unavailable,not_applicable,0,0,verified,2026-08-27T19:29:59.373Z
cafe-milano-washington-dc-dc-metro,Cafe Milano,codex_verified,52,verified,accurately_unavailable,not_applicable,0,0,verified,2026-08-27T19:29:59.373Z
cafe-pizzaiolo-alexandria-dc-metro,Cafe Pizzaiolo Alexandria,codex_verified,153,verified,accurately_unavailable,not_applicable,0,0,verified,2026-08-27T19:29:59.373Z
replacement-cafe-renaissance-vienna-va,Cafe Renaissance,codex_verified,18,verified,accurately_unavailable,not_applicable,0,0,verified,2026-08-27T19:29:59.373Z
cafe-riggs-dc,Cafe Riggs,codex_verified,25,verified,accurately_unavailable,not_applicable,0,0,verified,2026-08-27T19:29:59.373Z
replacement-cafe-riggs-washington-dc,Café Riggs,codex_verified,45,verified,accurately_unavailable,not_applicable,0,0,verified,2026-08-27T19:29:59.373Z
cafe-rio,Cafe Rio,codex_verified,41,verified,verified,not_applicable,0,0,verified,2026-08-27T19:29:59.373Z
cafe-tatti-mclean-va,Cafe Tatti,codex_verified,36,verified,accurately_unavailable,not_applicable,0,0,verified,2026-08-27T19:29:59.373Z
osm-cafesano-1732774580,Cafesano,codex_verified,96,verified,accurately_unavailable,not_applicable,0,0,verified,2026-08-27T19:29:59.373Z
cafesano-reston-dc-metro,Cafesano Reston,codex_verified,69,verified,accurately_unavailable,not_applicable,0,0,verified,2026-08-27T19:29:59.373Z
replacement-calico-washington-dc,Calico,codex_verified,10,verified,accurately_unavailable,not_applicable,0,0,verified,2026-08-27T19:29:59.373Z
california-fish-grill-north-bethesda-md,California Fish Grill North Bethesda,codex_verified,34,verified,accurately_unavailable,not_applicable,0,0,verified,2026-08-27T19:29:59.373Z
california-pizza-kitchen,California Pizza Kitchen,codex_verified,101,verified,accurately_unavailable,not_applicable,0,0,verified,2026-08-27T19:29:59.373Z
chain-california-tortilla,California Tortilla,codex_verified,123,verified,verified,not_applicable,0,0,verified,2026-08-27T19:29:59.373Z
call-your-mother-dc,Call Your Mother Deli,codex_verified,140,verified,verified,not_applicable,0,0,verified,2026-08-27T19:29:59.373Z
replacement-cana-washington-dc,Cana,codex_verified,12,verified,accurately_unavailable,not_applicable,0,0,verified,2026-08-27T19:29:59.373Z
cane-dc,Cane,codex_verified,20,verified,accurately_unavailable,not_applicable,0,0,verified,2026-08-27T19:29:59.373Z
canton-disco-dc,Canton Disco,codex_verified,17,verified,accurately_unavailable,not_applicable,0,0,verified,2026-08-27T19:29:59.373Z
capitano-dc,Capitano,codex_verified,59,verified,accurately_unavailable,not_applicable,0,0,verified,2026-08-27T19:29:59.373Z
capo-deli-foggy-bottom-dc,Capo Deli Foggy Bottom,codex_verified,75,verified,accurately_unavailable,not_applicable,0,0,verified,2026-08-27T19:29:59.373Z
capo-deli-dc,Capo Italian Deli,codex_verified,193,verified,accurately_unavailable,not_applicable,0,0,verified,2026-08-27T19:29:59.373Z
captain-pells-fairfax-crabhouse-fairfax-va-dc-metro,Captain Pell's Fairfax Crabhouse,codex_verified,38,verified,accurately_unavailable,not_applicable,0,0,verified,2026-08-27T19:29:59.373Z
carbonara-arlington-va-dc-metro,Carbonara,codex_verified,58,verified,accurately_unavailable,not_applicable,0,0,verified,2026-08-27T19:29:59.373Z
carlyle-arlington-va-dc-metro,Carlyle,codex_verified,48,verified,accurately_unavailable,not_applicable,0,0,verified,2026-08-27T19:29:59.373Z
carmines-dc,Carmine's,codex_verified,110,verified,verified,not_applicable,0,0,verified,2026-08-27T19:29:59.373Z
carolina-kitchen-bar-and-grill-hyattsville-md-dc-metro,Carolina Kitchen Bar & Grill,codex_verified,113,verified,accurately_unavailable,not_applicable,0,0,verified,2026-08-27T19:29:59.373Z
carrabbas,Carrabba's Italian Grill,codex_verified,177,verified,verified,not_applicable,0,0,verified,2026-07-22T15:09:01.088Z
carusos-grocery-dc,Caruso's Grocery,codex_verified,55,verified,accurately_unavailable,not_applicable,0,0,verified,2026-08-27T19:29:59.373Z
carusos-grocery-pike-and-rose-md,Caruso's Grocery Pike & Rose,codex_verified,90,verified,accurately_unavailable,not_applicable,0,0,verified,2026-08-27T19:29:59.373Z
carving-room-noma-dc,Carving Room NoMa,codex_verified,65,verified,accurately_unavailable,not_applicable,0,0,verified,2026-08-27T19:29:59.373Z
osm-casa-tequila-2697922195,Casa Tequila Bar & Grill,codex_verified,184,verified,accurately_unavailable,not_applicable,0,0,verified,2026-08-27T19:29:59.373Z
replacement-casa-teresa-washington-dc,Casa Teresa,codex_verified,22,verified,accurately_unavailable,not_applicable,0,0,verified,2026-08-27T19:29:59.373Z
replacement-casamara-washington-dc,Casamara,codex_verified,39,verified,accurately_unavailable,not_applicable,0,0,verified,2026-08-27T19:29:59.373Z
osm-caspian-kabob-10268757467,Caspian Kabob,codex_verified,41,verified,accurately_unavailable,not_applicable,0,0,verified,2026-08-27T19:29:59.373Z
catahoula-dc,Catahoula DC,codex_verified,35,verified,accurately_unavailable,not_applicable,0,0,verified,2026-08-27T19:29:59.373Z
causa-amazonia-dc,Causa / Amazonia,codex_verified,20,verified,accurately_unavailable,not_applicable,0,0,verified,2026-08-27T19:29:59.373Z
cava,CAVA,codex_verified,86,verified,verified,not_applicable,0,0,verified,2026-07-22T17:10:46.579Z
cava-mezze-rockville-dc-metro,Cava Mezze Rockville,codex_verified,38,verified,accurately_unavailable,not_applicable,0,0,verified,2026-08-27T19:29:59.373Z
replacement-ceibo-washington-dc,Ceibo,codex_verified,32,verified,accurately_unavailable,not_applicable,0,0,verified,2026-08-27T19:29:59.373Z
celebration-by-rupa-vira-ashburn-va,Celebration by Rupa Vira,codex_verified,29,verified,verified,not_applicable,0,0,verified,2026-08-27T19:29:59.373Z
celebrity-delly-falls-church-va,Celebrity Delly,codex_verified,27,verified,accurately_unavailable,not_applicable,0,0,verified,2026-08-27T19:29:59.373Z
central-michel-richard-washington-dc-dc-metro,Central Michel Richard,codex_verified,57,verified,accurately_unavailable,not_applicable,0,0,verified,2026-08-27T19:29:59.373Z
centrolina-dc,Centrolina,codex_verified,35,verified,accurately_unavailable,not_applicable,0,0,verified,2026-08-27T19:29:59.373Z
chaatwala-herndon-va-dc-metro,Chaatwala,codex_verified,87,verified,accurately_unavailable,not_applicable,0,0,verified,2026-08-27T18:19:13.717Z
chadwicks-alexandria-va-dc-metro,Chadwicks,codex_verified,110,verified,accurately_unavailable,not_applicable,0,0,verified,2026-08-27T18:19:13.717Z
chai-pani-dc,Chai Pani DC,codex_verified,30,verified,accurately_unavailable,not_applicable,0,0,verified,2026-08-27T19:29:59.373Z
replacement-chai-wyy-herndon-va,Chai Wyy,codex_verified,100,verified,accurately_unavailable,not_applicable,0,0,verified,2026-08-27T19:29:59.373Z
chaia-tacos-dc,Chaia Tacos,codex_verified,31,verified,accurately_unavailable,not_applicable,0,0,verified,2026-08-27T19:29:59.373Z
chang-chang-dc,Chang Chang,codex_verified,103,verified,accurately_unavailable,not_applicable,0,0,verified,2026-08-27T19:29:59.373Z
chao-ban-tysons-va,Chao Ban,codex_verified,14,verified,accurately_unavailable,not_applicable,0,0,verified,2026-08-27T19:29:59.373Z
chaplins-dc,Chaplin's,codex_verified,63,verified,accurately_unavailable,not_applicable,0,0,verified,2026-08-27T19:29:59.373Z
char-bar-dc,Char Bar,codex_verified,43,verified,accurately_unavailable,not_applicable,0,0,verified,2026-08-27T19:29:59.373Z
chard-mclean-va-dc-metro,CHAR’D,codex_verified,49,verified,accurately_unavailable,not_applicable,0,0,verified,2026-08-27T19:29:59.373Z
charley-chesapeake-chophouse-gaithersburg-md,Charley Chesapeake Chophouse & Bar,codex_verified,119,verified,accurately_unavailable,not_applicable,0,0,verified,2026-08-27T19:29:59.373Z
chain-charleys-philly-steaks,Charleys Philly Steaks,codex_verified,124,verified,verified,not_applicable,0,0,verified,2026-08-27T19:29:59.373Z
osm-charm-thai-1671377421,Charm Thai Restaurant,codex_verified,13,verified,accurately_unavailable,not_applicable,0,0,verified,2026-08-27T19:29:59.373Z
chart-house-alexandria-va-dc-metro,Chart House,codex_verified,99,verified,accurately_unavailable,not_applicable,0,0,verified,2026-08-27T19:29:59.373Z
osm-chasin-tails-770780729,Chasin' Tails,codex_verified,59,verified,verified,not_applicable,0,0,verified,2026-08-27T19:29:59.373Z
chasin-tails-seafood-that-celebrates-falls-church-va-dc-metro,Chasin' Tails: Seafood that Celebrates!,codex_verified,100,verified,verified,not_applicable,0,0,verified,2026-08-27T19:29:59.373Z
chain-checkers,Checkers,codex_verified,248,verified,verified,not_applicable,0,0,verified,2026-08-27T19:29:59.373Z
chef-geoffs-dc,Chef Geoff's,codex_verified,36,verified,accurately_unavailable,not_applicable,0,0,verified,2026-08-27T19:29:59.373Z
replacement-chef-tony-s-fresh-seafood-rockville-md,Chef Tony's Fresh Seafood,codex_verified,218,verified,accurately_unavailable,not_applicable,0,0,verified,2026-08-27T19:29:59.373Z
chef-tonys-rockville-dc-metro,Chef Tony's Rockville,codex_verified,199,verified,accurately_unavailable,not_applicable,0,0,verified,2026-08-27T19:29:59.373Z
chennai-hoppers-indian-restaurant-gaithersburg-md-dc-metro,Chennai Hoppers Indian Restaurant,codex_verified,112,verified,accurately_unavailable,not_applicable,0,0,verified,2026-08-27T19:29:59.373Z
chercher-ethiopian-dc,Chercher Ethiopian Restaurant,codex_verified,34,verified,accurately_unavailable,not_applicable,0,0,verified,2026-08-27T19:29:59.373Z
chercher-ethiopian-restaurant-and-mart-washington-dc-dc-metro,Chercher Ethiopian Restaurant & Mart,codex_verified,69,verified,accurately_unavailable,not_applicable,0,0,verified,2026-08-27T19:29:59.373Z
replacement-chez-billy-sud-washington-dc,Chez Billy Sud,codex_verified,32,verified,accurately_unavailable,not_applicable,0,0,verified,2026-08-27T19:29:59.373Z
replacement-chicatana-washington-dc,Chicatana,codex_verified,71,verified,accurately_unavailable,not_applicable,0,0,verified,2026-08-27T19:29:59.373Z
chick-fil-a,Chick-fil-A,codex_verified,148,verified,verified,verified,0,0,verified,2026-08-24T15:17:16.085Z
chicken-and-whiskey-14th-dc,Chicken + Whiskey 14th Street,codex_verified,46,verified,accurately_unavailable,not_applicable,0,0,verified,2026-08-27T19:29:59.373Z
chido-s-tex-mex-grill-laurel-md-dc-metro,Chido's Tex-Mex Grill,codex_verified,75,verified,accurately_unavailable,not_applicable,0,0,verified,2026-08-27T19:29:59.373Z
chiko-dc,CHIKO,codex_verified,58,verified,accurately_unavailable,not_applicable,0,0,verified,2026-08-27T19:29:59.373Z
chilis,Chili's,codex_verified,103,verified,verified,verified,0,0,verified,2026-08-27T19:29:59.373Z
chima-steakhouse-tysons-tysons-va-dc-metro,Chima Steakhouse Tysons,codex_verified,56,verified,verified,not_applicable,0,0,verified,2026-08-27T19:29:59.373Z
china-chilcano-dc,China Chilcano,codex_verified,56,verified,accurately_unavailable,not_applicable,0,0,verified,2026-08-27T19:29:59.373Z
chain-china-express,China Express,codex_verified,4,verified,accurately_unavailable,not_applicable,0,0,verified,2026-08-27T19:29:59.373Z
chipotle,Chipotle,codex_verified,26,verified,verified,not_applicable,0,0,verified,2026-08-05T13:11:46.869Z
replacement-chit-chaat-cafe-vienna-va,Chit Chaat Cafe,codex_verified,68,verified,accurately_unavailable,not_applicable,0,0,verified,2026-08-27T19:29:59.373Z
chloe-dc,Chloe,codex_verified,38,verified,accurately_unavailable,not_applicable,0,0,verified,2026-08-27T19:29:59.373Z
chloez-cafe-fairfax-station-dc-metro,Chloez Cafe Fairfax Station,codex_verified,115,verified,accurately_unavailable,not_applicable,0,0,verified,2026-08-27T19:29:59.373Z
chopt-dc,Chopt,codex_verified,199,verified,verified,not_applicable,0,0,verified,2026-08-27T19:29:59.373Z
churchkey-washington-dc-dc-metro,ChurchKey,codex_verified,63,verified,accurately_unavailable,not_applicable,0,0,verified,2026-08-27T19:29:59.373Z
ciao-osteria-centreville-va-dc-metro,Ciao Osteria,codex_verified,80,verified,accurately_unavailable,not_applicable,0,0,verified,2026-08-27T19:29:59.373Z
cielo-rojo-restaurant-takoma-park-md-dc-metro,Cielo Rojo Restaurant,codex_verified,83,verified,accurately_unavailable,not_applicable,0,0,verified,2026-08-27T19:29:59.373Z
cinemark-centreville-centreville-va-dc-metro,Cinemark Centreville,codex_verified,141,verified,verified,not_applicable,0,0,verified,2026-08-27T19:29:59.373Z
osm-circa-2788369922,Circa,codex_verified,93,verified,accurately_unavailable,not_applicable,0,0,verified,2026-08-27T19:29:59.373Z
replacement-circa-at-clarendon-arlington-va,CIRCA at Clarendon,codex_verified,93,verified,accurately_unavailable,not_applicable,0,0,verified,2026-08-27T19:29:59.373Z
circa-at-foggy-bottom-washington-dc-dc-metro,CIRCA at Foggy Bottom,codex_verified,98,verified,accurately_unavailable,not_applicable,0,0,verified,2026-08-27T19:29:59.373Z
replacement-circa-at-navy-yard-washington-dc,CIRCA at Navy Yard,codex_verified,95,verified,accurately_unavailable,not_applicable,0,0,verified,2026-08-27T19:29:59.373Z
replacement-circa-at-the-boro-tysons-va,Circa at The Boro,codex_verified,94,verified,accurately_unavailable,not_applicable,0,0,verified,2026-08-27T19:29:59.373Z
circa-foggy-bottom-dc,CIRCA Foggy Bottom,codex_verified,62,verified,accurately_unavailable,not_applicable,0,0,verified,2026-08-27T19:29:59.373Z
citizens-and-culture-silver-spring-md-dc-metro,Citizens and Culture,codex_verified,38,verified,accurately_unavailable,not_applicable,0,0,verified,2026-08-27T19:29:59.373Z
replacement-city-kitchen-alexandria-va,City Kitchen,codex_verified,59,verified,accurately_unavailable,not_applicable,0,0,verified,2026-08-27T19:29:59.373Z
clare-and-don-s-beach-shack-washington-dc-dc-metro,Clare & Don's Beach Shack,codex_verified,98,verified,accurately_unavailable,not_applicable,0,0,verified,2026-08-27T19:29:59.373Z
clarity-vienna-va-dc-metro,Clarity,codex_verified,20,verified,accurately_unavailable,not_applicable,0,0,verified,2026-08-27T19:29:59.373Z
claudios-table-dc,Claudio's Table,codex_verified,66,verified,accurately_unavailable,not_applicable,0,0,verified,2026-08-27T19:29:59.373Z
replacement-clove-halal-sterling-va,Clove (Halal),codex_verified,95,verified,accurately_unavailable,not_applicable,0,0,verified,2026-08-27T19:29:59.373Z
osm-clyde-s-at-tower-oaks-lodge-92812505,Clyde's at Tower Oaks Lodge,codex_verified,175,verified,accurately_unavailable,not_applicable,0,0,verified,2026-08-27T19:29:59.373Z
clydes-gallery-place-dc,Clyde's of Gallery Place,codex_verified,143,verified,accurately_unavailable,not_applicable,0,0,verified,2026-08-27T19:29:59.373Z
clydes-georgetown-dc,Clyde's of Georgetown,codex_verified,43,verified,accurately_unavailable,not_applicable,0,0,verified,2026-08-27T19:29:59.373Z
coastal-flats-gaithersburg-md-dc-metro,Coastal Flats,codex_verified,55,verified,accurately_unavailable,not_applicable,0,0,verified,2026-08-27T19:29:59.373Z
replacement-cocineros-hyattsville-md,Cocineros,codex_verified,123,verified,accurately_unavailable,not_applicable,0,0,verified,2026-08-27T19:29:59.373Z
replacement-code-red-washington-dc,Code Red,codex_verified,48,verified,accurately_unavailable,not_applicable,0,0,verified,2026-08-27T19:29:59.373Z
colada-shop-dc,Colada Shop,codex_verified,110,verified,accurately_unavailable,not_applicable,0,0,verified,2026-08-27T19:29:59.373Z
cold-stone-creamery,Cold Stone Creamery,codex_verified,12,verified,verified,not_applicable,0,0,verified,2026-08-05T16:21:41.512Z
columbia-firehouse-alexandria-dc-metro,Columbia Firehouse Alexandria,codex_verified,24,verified,accurately_unavailable,not_applicable,0,0,verified,2026-08-27T19:29:59.373Z
comet-ping-pong-dc,Comet Ping Pong,codex_verified,78,verified,accurately_unavailable,not_applicable,0,0,verified,2026-08-27T19:29:59.373Z
commons-fooderie-reston-dc-metro,Commons Fooderie Reston,codex_verified,86,verified,accurately_unavailable,not_applicable,0,0,verified,2026-08-27T19:29:59.373Z
osm-commonwealth-indian-10120025923,Commonwealth Indian,codex_verified,124,verified,accurately_unavailable,not_applicable,0,0,verified,2026-08-27T19:29:59.373Z
compass-coffee-dc,Compass Coffee,codex_verified,73,verified,accurately_unavailable,not_applicable,0,0,verified,2026-08-27T19:29:59.373Z
compliments-only-dc,Compliments Only,codex_verified,27,verified,accurately_unavailable,not_applicable,0,0,verified,2026-08-27T19:29:59.373Z
cooper-s-hawk-winery-and-restaurant-rockville-md-dc-metro,Cooper’s Hawk Winery & Restaurant,codex_verified,19,verified,verified,not_applicable,0,0,verified,2026-08-27T19:29:59.373Z
coopers-hawk-reston-va,Cooper's Hawk Winery & Restaurant Reston,codex_verified,15,verified,accurately_unavailable,not_applicable,0,0,verified,2026-08-27T19:29:59.373Z
copper-canyon-grill-washington-dc-dc-metro,Copper Canyon Grill,codex_verified,74,verified,accurately_unavailable,not_applicable,0,0,verified,2026-08-27T19:29:59.373Z
copperwood-tavern-arlington-va-dc-metro,Copperwood Tavern,codex_verified,154,verified,accurately_unavailable,not_applicable,0,0,verified,2026-08-27T19:29:59.373Z
copycat-co-dc,Copycat Co.,codex_verified,37,verified,accurately_unavailable,not_applicable,0,0,verified,2026-08-27T19:29:59.373Z
cordelia-fishbar-dc,Cordelia Fishbar,codex_verified,61,verified,accurately_unavailable,not_applicable,0,0,verified,2026-08-27T19:29:59.373Z
replacement-cordelia-fishbar-washington-dc,Cordelia Fishbar,codex_verified,29,verified,accurately_unavailable,not_applicable,0,0,verified,2026-08-27T19:29:59.373Z
corned-beef-king-rockville-dc-metro,Corned Beef King Rockville,codex_verified,98,verified,accurately_unavailable,not_applicable,0,0,verified,2026-08-27T19:29:59.373Z
corner-bakery-cafe,Corner Bakery Cafe,codex_verified,207,verified,verified,not_applicable,0,0,verified,2026-08-27T19:29:59.373Z
osm-corso-italian-374740005,Corso Italian,codex_verified,158,verified,accurately_unavailable,not_applicable,0,0,verified,2026-08-27T19:29:59.373Z
replacement-cottage-house-ethiopian-cuisine-washington-dc,Cottage House Ethiopian Cuisine,codex_verified,10,verified,accurately_unavailable,not_applicable,0,0,verified,2026-08-27T19:29:59.373Z
replacement-courtside-thai-cuisine-fairfax-va,Courtside Thai Cuisine,codex_verified,61,verified,accurately_unavailable,not_applicable,0,0,verified,2026-08-27T19:29:59.373Z
cranes-dc,Cranes,codex_verified,0,verified,accurately_unavailable,not_applicable,0,0,verified,2026-08-27T19:29:59.373Z
crisp-and-juicy-kensington-md-dc-metro,Crisp & Juicy,codex_verified,104,verified,accurately_unavailable,not_applicable,0,0,verified,2026-08-27T19:29:59.373Z
crumbl,Crumbl,codex_verified,154,verified,accurately_unavailable,not_applicable,0,0,verified,2026-08-27T19:29:59.373Z
replacement-crust-pizzeria-napoletana-herndon-va,Crust Pizzeria Napoletana,codex_verified,43,verified,accurately_unavailable,not_applicable,0,0,verified,2026-08-27T19:29:59.373Z
osm-cuates-12207964801,Cuates Grill,codex_verified,173,verified,accurately_unavailable,not_applicable,0,0,verified,2026-08-27T19:29:59.373Z
cubanos-bethesda-md,Cubano's Bethesda,codex_verified,39,verified,accurately_unavailable,not_applicable,0,0,verified,2026-08-27T19:29:59.373Z
replacement-cucina-morini-washington-dc,Cucina MORINI,codex_verified,35,verified,accurately_unavailable,not_applicable,0,0,verified,2026-08-27T19:29:59.373Z
osm-curry-palace-indian-452446243,Curry Palace Indian Restaurant,codex_verified,177,verified,accurately_unavailable,not_applicable,0,0,verified,2026-08-27T19:29:59.373Z
replacement-cynthia-bar-and-bistro-washington-dc,Cynthia Bar and Bistro,codex_verified,24,verified,accurately_unavailable,not_applicable,0,0,verified,2026-08-27T19:29:59.373Z
dacha-beer-garden-shaw-washington-dc-dc-metro,Dacha Beer Garden (Shaw),codex_verified,144,verified,accurately_unavailable,not_applicable,0,0,verified,2026-08-27T19:29:59.373Z
daikaya-dc,Daikaya,codex_verified,91,verified,accurately_unavailable,not_applicable,0,0,verified,2026-08-27T19:29:59.373Z
daily-provisions-dupont-dc,Daily Provisions Dupont Circle,codex_verified,87,verified,accurately_unavailable,not_applicable,0,0,verified,2026-08-27T19:29:59.373Z
dairy-queen,Dairy Queen,codex_verified,231,verified,verified,verified,0,0,verified,2026-08-24T14:28:44.110Z
dakshin-indique-washington-dc-dc-metro,Dakshin Indique,codex_verified,86,verified,accurately_unavailable,not_applicable,0,0,verified,2026-08-27T19:29:59.373Z
replacement-dal-grano-mclean-va,Dal Grano,codex_verified,17,verified,accurately_unavailable,not_applicable,0,0,verified,2026-08-27T19:29:59.373Z
dal-shabu-hot-pot-annandale-va-dc-metro,Dal Shabu Hot Pot (달샤부),codex_verified,11,verified,accurately_unavailable,not_applicable,0,0,verified,2026-08-27T19:29:59.373Z
osm-darband-kabob-13140207699,Darband Kabob,codex_verified,45,verified,accurately_unavailable,not_applicable,0,0,verified,2026-08-27T19:29:59.373Z
daru-dc,Daru,codex_verified,23,verified,accurately_unavailable,not_applicable,0,0,verified,2026-08-27T19:29:59.373Z
darvish-kitchen-washington-dc-dc-metro,Darvish Kitchen,codex_verified,77,verified,accurately_unavailable,not_applicable,0,0,verified,2026-08-27T19:29:59.373Z
dauphines-dc,Dauphine's,codex_verified,42,verified,accurately_unavailable,not_applicable,0,0,verified,2026-08-27T19:29:59.373Z
daves-hot-chicken-dc,Dave's Hot Chicken,codex_verified,106,verified,accurately_unavailable,not_applicable,0,0,verified,2026-08-27T19:29:59.373Z
davios-reston-va,Davio's Reston,codex_verified,155,verified,accurately_unavailable,not_applicable,0,0,verified,2026-08-27T19:29:59.373Z
al-toque-dc,DC Al Toque,codex_verified,20,verified,accurately_unavailable,not_applicable,0,0,verified,2026-08-27T19:29:59.373Z
replacement-dc-bites-washington-dc,DC Bites,codex_verified,28,verified,accurately_unavailable,not_applicable,0,0,verified,2026-08-27T19:29:59.373Z
dc-prime-steaks-ashburn-va-dc-metro,DC Prime Steaks,codex_verified,88,verified,accurately_unavailable,not_applicable,0,0,verified,2026-08-27T19:29:59.373Z
dcity-smokehouse-dc,DCity Smokehouse,codex_verified,65,verified,accurately_unavailable,not_applicable,0,0,verified,2026-08-27T19:29:59.373Z
dear-sushi-love-makoto-dc,"Dear Sushi at Love, Makoto",codex_verified,69,verified,accurately_unavailable,not_applicable,0,0,verified,2026-08-27T19:29:59.373Z
del-mar-dc,Del Mar,codex_verified,38,verified,accurately_unavailable,not_applicable,0,0,verified,2026-08-27T19:29:59.373Z
replacement-delhi-spice-bethesda-md,Delhi Spice,codex_verified,77,verified,accurately_unavailable,not_applicable,0,0,verified,2026-08-27T19:29:59.373Z
replacement-deli-italiano-herndon-herndon-va,Deli Italiano Herndon,codex_verified,143,verified,accurately_unavailable,not_applicable,0,0,verified,2026-08-27T19:29:59.373Z
dennys,Denny's,codex_verified,196,verified,verified,verified,0,0,verified,2026-08-31T23:23:17.718Z
dig,DIG,codex_verified,39,verified,verified,not_applicable,0,0,verified,2026-08-27T19:29:59.373Z
dig-bethesda,DIG Bethesda,codex_verified,39,verified,accurately_unavailable,not_applicable,0,0,verified,2026-08-27T19:29:59.373Z
dirty-habit-washington-dc-dc-metro,Dirty Habit,codex_verified,94,verified,accurately_unavailable,not_applicable,0,0,verified,2026-08-27T19:29:59.373Z
replacement-district-rico-washington-dc,District Rico,codex_verified,33,verified,accurately_unavailable,not_applicable,0,0,verified,2026-08-27T19:29:59.373Z
district-taco-dc,District Taco,codex_verified,83,verified,accurately_unavailable,not_applicable,0,0,verified,2026-08-27T19:29:59.373Z
district-winery-dc,District Winery,codex_verified,13,verified,accurately_unavailable,not_applicable,0,0,verified,2026-08-27T19:29:59.373Z
divan-restaurant-mclean-va-dc-metro,Divan Restaurant,codex_verified,97,verified,accurately_unavailable,not_applicable,0,0,verified,2026-08-27T19:29:59.373Z
dlena-dc,dLeña,codex_verified,30,verified,accurately_unavailable,not_applicable,0,0,verified,2026-08-27T19:29:59.373Z
osm-dmv-pizza-5811141809,DMV Pizza,codex_verified,78,verified,accurately_unavailable,not_applicable,0,0,verified,2026-08-27T19:29:59.373Z
replacement-dog-daze-social-club-washington-dc,Dog Daze Social Club,codex_verified,12,verified,accurately_unavailable,not_applicable,0,0,verified,2026-08-27T19:29:59.373Z
dog-haus-biergarten-bethesda-bethesda-md-dc-metro,Dog Haus Biergarten Bethesda,codex_verified,48,verified,accurately_unavailable,not_applicable,0,0,verified,2026-08-27T19:29:59.373Z
dogfish-head-alehouse-gaithersburg-md-dc-metro,Dogfish Head Alehouse,codex_verified,57,verified,accurately_unavailable,not_applicable,0,0,verified,2026-08-27T19:29:59.373Z
replacement-dogon-by-kwame-onwuachi-washington-dc,Dōgon by Kwame Onwuachi,codex_verified,19,verified,accurately_unavailable,not_applicable,0,0,verified,2026-08-27T19:29:59.373Z
dogwood-tavern-falls-church-va-dc-metro,Dogwood Tavern,codex_verified,56,verified,accurately_unavailable,not_applicable,0,0,verified,2026-08-27T19:29:59.373Z
doi-moi-washington-dc-dc-metro,doi moi,codex_verified,42,verified,accurately_unavailable,not_applicable,0,0,verified,2026-08-27T19:29:59.373Z
osm-dok-khao-10728675757,Dok Khao,codex_verified,120,verified,accurately_unavailable,not_applicable,0,0,verified,2026-08-27T19:29:59.373Z
osm-dolan-4198051508,Dolan,codex_verified,20,verified,accurately_unavailable,not_applicable,0,0,verified,2026-08-05T21:08:55.447Z
dolan-uyghur-dc,Dolan Uyghur,codex_verified,20,verified,accurately_unavailable,not_applicable,0,0,verified,2026-08-27T19:29:59.373Z
dolce-vita-italian-restaurant-and-wine-bar-fairfax-va-dc-metro,Dolce Vita Italian Restaurant & Wine Bar,codex_verified,128,verified,accurately_unavailable,not_applicable,0,0,verified,2026-08-27T19:29:59.373Z
dolcezza-dc,Dolcezza Gelato,codex_verified,9,verified,verified,not_applicable,0,0,verified,2026-08-27T19:29:59.373Z
dominos,Domino's,codex_verified,116,verified,verified,not_applicable,0,0,verified,2026-08-05T21:35:44.476Z
don-luis-restaurant-authentic-mexican-cuisine-and-cantina-centreville-dc-metro,Don Luis Restaurant - Authentic Mexican Cuisine and Cantina,codex_verified,186,verified,accurately_unavailable,not_applicable,0,0,verified,2026-08-27T19:29:59.373Z
osm-don-ramon-121716953,Don Ramon,codex_verified,21,verified,accurately_unavailable,not_applicable,0,0,verified,2026-08-27T19:29:59.373Z
replacement-donsak-thai-restaurant-washington-dc,Donsak Thai Restaurant,codex_verified,178,verified,accurately_unavailable,not_applicable,0,0,verified,2026-08-27T19:29:59.373Z
replacement-doro-soul-food-washington-dc,Doro Soul Food,codex_verified,24,verified,accurately_unavailable,not_applicable,0,0,verified,2026-08-27T19:29:59.373Z
dos-toros-dc,Dos Toros Taqueria,codex_verified,39,verified,verified,not_applicable,0,0,verified,2026-08-27T19:29:59.373Z
dosa-and-chaat-gaithersburg-dc-metro,Dosa & Chaat Gaithersburg,codex_verified,184,verified,accurately_unavailable,not_applicable,0,0,verified,2026-08-27T19:29:59.373Z
dukes-grocery-dupont-dc,Duke's Grocery Dupont,codex_verified,58,verified,accurately_unavailable,not_applicable,0,0,verified,2026-08-27T19:29:59.373Z
dukem-dc,Dukem Ethiopian Restaurant,codex_verified,81,verified,accurately_unavailable,not_applicable,0,0,verified,2026-08-27T19:29:59.373Z
dunkin,Dunkin',codex_verified,209,verified,verified,not_applicable,0,0,verified,2026-08-05T22:06:09.239Z
dupont-italian-kitchen-dc,Dupont Italian Kitchen,codex_verified,44,verified,accurately_unavailable,not_applicable,0,0,verified,2026-08-27T19:29:59.373Z
dyfres-burger-springfield-dc-metro,Dyfre's Burger Springfield,codex_verified,52,verified,accurately_unavailable,not_applicable,0,0,verified,2026-08-27T19:29:59.373Z
earls-kitchen-bar-mclean-va-dc-metro,Earls Kitchen + Bar,codex_verified,161,verified,accurately_unavailable,not_applicable,0,0,verified,2026-08-27T19:29:59.373Z
replacement-easy-company-washington-dc,Easy Company,codex_verified,86,verified,accurately_unavailable,not_applicable,0,0,verified,2026-08-27T19:29:59.373Z
eddie-merlots-ashburn-va-dc-metro,Eddie Merlot's,codex_verified,139,verified,verified,not_applicable,0,0,verified,2026-08-27T19:29:59.373Z
eddie-vs-tysons-va,Eddie V's Tysons,codex_verified,59,verified,accurately_unavailable,not_applicable,0,0,verified,2026-08-27T19:29:59.373Z
replacement-efesus-mediterranean-cafe-ashburn-va,Efesus Mediterranean Cafe,codex_verified,61,verified,accurately_unavailable,not_applicable,0,0,verified,2026-08-27T19:29:59.373Z
replacement-egg-yaki-washington-dc,Egg Yaki,codex_verified,16,verified,accurately_unavailable,not_applicable,0,0,verified,2026-08-27T19:29:59.373Z
einstein-bros,Einstein Bros. Bagels,codex_verified,118,verified,verified,not_applicable,0,0,verified,2026-08-05T22:56:43.008Z
el-aguila-restaurant-silver-spring-md-dc-metro,El Aguila Restaurant,codex_verified,106,verified,accurately_unavailable,not_applicable,0,0,verified,2026-08-27T19:29:59.373Z
el-chucho-dc,El Chucho,codex_verified,48,verified,accurately_unavailable,not_applicable,0,0,verified,2026-08-27T19:29:59.373Z
osm-el-golfo-4957750893,El Golfo Restaurant,codex_verified,131,verified,accurately_unavailable,not_applicable,0,0,verified,2026-08-27T19:29:59.373Z
osm-el-g-ero-mexicano-1236156051,El Güero Mexicano,codex_verified,33,verified,accurately_unavailable,not_applicable,0,0,verified,2026-08-27T19:29:59.373Z
el-mariachi-rockville-dc-metro,El Mariachi Rockville,codex_verified,88,verified,accurately_unavailable,not_applicable,0,0,verified,2026-08-27T19:29:59.373Z
el-paso-mexican-restaurant-springfield-va-dc-metro,El Paso Mexican Restaurant,codex_verified,165,verified,accurately_unavailable,not_applicable,0,0,verified,2026-08-27T19:29:59.373Z
el-patio-randolph-rockville-md-dc-metro,El Patio (Randolph),codex_verified,276,verified,accurately_unavailable,not_applicable,0,0,verified,2026-08-27T19:29:59.373Z
el-pollo-rico-arlington-va,El Pollo Rico Arlington,codex_verified,65,verified,accurately_unavailable,not_applicable,0,0,verified,2026-08-27T19:29:59.373Z
el-presidente-dc,El Presidente,codex_verified,63,verified,accurately_unavailable,not_applicable,0,0,verified,2026-08-27T19:29:59.373Z
el-secreto-nabiha-dc,El Secreto de Rosita / Nabiha,codex_verified,96,verified,accurately_unavailable,not_applicable,0,0,verified,2026-08-27T19:29:59.373Z
el-sol-dc,El Sol Restaurante & Tequileria,codex_verified,144,verified,accurately_unavailable,not_applicable,0,0,verified,2026-08-27T19:29:59.373Z
el-taller-del-xiquet-dc,El Taller del Xiquet,codex_verified,0,verified,accurately_unavailable,not_applicable,0,0,verified,2026-08-27T19:29:59.373Z
el-tamarindo-dc,El Tamarindo,codex_verified,95,verified,accurately_unavailable,not_applicable,0,0,verified,2026-08-27T19:29:59.373Z
el-viejo-silver-spring,El Viejo Central American Kitchen,codex_verified,27,verified,accurately_unavailable,not_applicable,0,0,verified,2026-08-27T19:29:59.373Z
osm-ela-mesa-taste-of-greece-12162675751,Ela Mesa Taste of Greece,codex_verified,53,verified,accurately_unavailable,not_applicable,0,0,verified,2026-08-27T19:29:59.373Z
elcielo-dc,Elcielo Washington,codex_verified,28,verified,accurately_unavailable,not_applicable,0,0,verified,2026-08-27T19:29:59.373Z
electric-bull-vienna-va,Electric Bull,codex_verified,2,verified,accurately_unavailable,not_applicable,0,0,verified,2026-08-06T15:47:43.565Z
replacement-eleni-s-greek-taverna-springfield-va,Eleni's Greek Taverna,codex_verified,88,verified,accurately_unavailable,not_applicable,0,0,verified,2026-08-27T19:29:59.373Z
elephant-and-castle-washington-dc-dc-metro,Elephant & Castle,codex_verified,54,verified,accurately_unavailable,not_applicable,0,0,verified,2026-08-27T19:29:59.373Z
replacement-elilta-restaurant-silver-spring-md,Elilta Restaurant,codex_verified,31,verified,accurately_unavailable,not_applicable,0,0,verified,2026-08-27T19:29:59.373Z
replacement-elizabeth-s-washington-dc,Elizabeth's,codex_verified,37,verified,accurately_unavailable,not_applicable,0,0,verified,2026-08-27T19:29:59.373Z
elizabeths-gone-raw-dc,Elizabeth's Gone Raw,codex_verified,0,verified,accurately_unavailable,not_applicable,0,0,verified,2026-08-27T19:29:59.373Z
ella-s-wood-fired-kitchen-washington-dc-dc-metro,Ella's Wood Fired Kitchen,codex_verified,109,verified,accurately_unavailable,not_applicable,0,0,verified,2026-08-27T19:29:59.373Z
replacement-elle-washington-dc,Ellē,codex_verified,13,verified,accurately_unavailable,not_applicable,0,0,verified,2026-08-27T19:29:59.373Z
ellie-bird-falls-church-va,Ellie Bird,codex_verified,39,verified,accurately_unavailable,not_applicable,0,0,verified,2026-08-27T19:29:59.373Z
replacement-ellie-bird-falls-church-va,Ellie Bird,codex_verified,41,verified,accurately_unavailable,not_applicable,0,0,verified,2026-08-27T19:29:59.373Z
elmina-dc,Elmina,codex_verified,41,verified,accurately_unavailable,not_applicable,0,0,verified,2026-08-27T19:29:59.373Z
osm-elsi-ethiopian-12703520415,ELSI Ethiopian Restaurant,codex_verified,42,verified,accurately_unavailable,not_applicable,0,0,verified,2026-08-27T19:29:59.373Z
osm-ema-rossi-pizzeria-13912184601,Ema Rossi Pizzeria,codex_verified,75,verified,accurately_unavailable,not_applicable,0,0,verified,2026-08-27T19:29:59.373Z
emmy-squared-navy-yard-dc,Emmy Squared Navy Yard,codex_verified,64,verified,verified,not_applicable,0,0,verified,2026-08-27T19:29:59.373Z
osm-emmy-squared-pizza-2145977609,Emmy Squared Pizza,codex_verified,62,verified,accurately_unavailable,not_applicable,0,0,verified,2026-08-27T19:29:59.373Z
emmy-squared-shaw-dc,Emmy Squared Shaw,codex_verified,64,verified,verified,not_applicable,0,0,verified,2026-08-27T19:29:59.373Z
enatye-ethiopian-restaurant-herndon-va-dc-metro,Enatye Ethiopian Restaurant,codex_verified,32,verified,accurately_unavailable,not_applicable,0,0,verified,2026-08-27T19:29:59.373Z
entyse-tysons-va,ENTYSE,codex_verified,10,verified,accurately_unavailable,not_applicable,0,0,verified,2026-08-27T19:29:59.373Z
esaan-mclean-va,Esaan,codex_verified,35,verified,accurately_unavailable,not_applicable,0,0,verified,2026-08-27T19:29:59.373Z
estuary-dc,Estuary,codex_verified,46,verified,accurately_unavailable,not_applicable,0,0,verified,2026-08-27T19:29:59.373Z
et-voila-dc,Et Voila,codex_verified,48,verified,accurately_unavailable,not_applicable,0,0,verified,2026-08-27T19:29:59.373Z
ethiopic-dc,Ethiopic Restaurant,codex_verified,27,verified,accurately_unavailable,not_applicable,0,0,verified,2026-08-27T19:29:59.373Z
evening-star-cafe-alexandria-va,Evening Star Cafe,codex_verified,80,verified,accurately_unavailable,not_applicable,0,0,verified,2026-08-27T19:29:59.373Z
replacement-exiles-bar-washington-dc,Exiles Bar,codex_verified,31,verified,accurately_unavailable,not_applicable,0,0,verified,2026-08-27T19:29:59.373Z
osm-facci-1351555296,Facci,codex_verified,43,verified,accurately_unavailable,not_applicable,0,0,verified,2026-08-27T19:29:59.373Z
facci-wood-fire-pizza-wine-bar-of-maple-lawn-laurel-md-dc-metro,Facci Wood Fire Pizza Wine Bar of Maple Lawn,codex_verified,43,verified,accurately_unavailable,not_applicable,0,0,verified,2026-08-27T19:29:59.373Z
falafel-inc-dc,Falafel Inc,codex_verified,11,verified,accurately_unavailable,not_applicable,0,0,verified,2026-08-27T19:29:59.373Z
family-ethiopian-restaurant-washington-dc-dc-metro,Family Ethiopian Restaurant,codex_verified,24,verified,accurately_unavailable,not_applicable,0,0,verified,2026-08-27T19:29:59.373Z
famous-daves,Famous Dave's,codex_verified,217,verified,verified,not_applicable,0,0,verified,2026-08-27T19:29:59.373Z
famous-toastery-ashburn-dc-metro,Famous Toastery Ashburn,codex_verified,98,verified,accurately_unavailable,not_applicable,0,0,verified,2026-08-27T19:29:59.373Z
replacement-famous-toastery-of-ashburn-ashburn-va,Famous Toastery Of Ashburn,codex_verified,33,verified,accurately_unavailable,not_applicable,0,0,verified,2026-08-27T19:29:59.373Z
farmers-and-distillers-dc,Farmers & Distillers,codex_verified,168,verified,accurately_unavailable,not_applicable,0,0,verified,2026-08-27T19:29:59.373Z
farmers-fishers-bakers-dc,Farmers Fishers Bakers,codex_verified,97,verified,accurately_unavailable,not_applicable,0,0,verified,2026-08-27T19:29:59.373Z
replacement-fat-pete-s-bbq-washington-dc,Fat Pete's BBQ,codex_verified,137,verified,accurately_unavailable,not_applicable,0,0,verified,2026-08-27T19:29:59.373Z
fava-pot-falls-church-va-dc-metro,Fava Pot,codex_verified,51,verified,accurately_unavailable,not_applicable,0,0,verified,2026-08-27T19:29:59.373Z
federalist-pig-dc,Federalist Pig,codex_verified,41,verified,accurately_unavailable,not_applicable,0,0,verified,2026-08-27T19:29:59.373Z
replacement-feru-ethiopian-cuisine-washington-dc,Feru Ethiopian Cuisine,codex_verified,23,verified,accurately_unavailable,not_applicable,0,0,verified,2026-08-27T19:29:59.373Z
osm-fialova-12652608675,Fialova,codex_verified,46,verified,accurately_unavailable,not_applicable,0,0,verified,2026-08-27T19:29:59.373Z
filomena-dc,Filomena Ristorante,codex_verified,45,verified,accurately_unavailable,not_applicable,0,0,verified,2026-09-02T16:38:51.761Z
osm-finnegan-s-wake-irish-pub-1332524327,Finnegan's Wake Irish Pub,codex_verified,38,verified,accurately_unavailable,not_applicable,0,0,verified,2026-08-27T19:29:59.373Z
fiola-dc,Fiola,codex_verified,42,verified,accurately_unavailable,not_applicable,0,0,verified,2026-08-27T19:29:59.373Z
fiola-mare-dc,Fiola Mare,codex_verified,64,verified,accurately_unavailable,not_applicable,0,0,verified,2026-08-27T19:29:59.373Z
firebirds-wood-fired-grill-gaithersburg-md-dc-metro,Firebirds Wood Fired Grill,codex_verified,204,verified,verified,not_applicable,0,0,verified,2026-08-27T19:29:59.373Z
replacement-firefly-washington-dc,Firefly,codex_verified,17,verified,accurately_unavailable,not_applicable,0,0,verified,2026-08-27T19:29:59.373Z
firehouse-subs,Firehouse Subs,codex_verified,96,verified,verified,not_applicable,0,0,verified,2026-08-27T19:29:59.373Z
firepan-korean-bbq-and-bar-silver-spring-md-dc-metro,Firepan Korean BBQ and Bar,codex_verified,30,verified,accurately_unavailable,not_applicable,0,0,verified,2026-08-27T19:29:59.373Z
first-watch,First Watch,codex_verified,81,verified,verified,not_applicable,0,0,verified,2026-08-27T19:29:59.373Z
fish-shop-dc,Fish Shop,codex_verified,46,verified,accurately_unavailable,not_applicable,0,0,verified,2026-08-27T19:29:59.373Z
fish-taco-bethesda-md,Fish Taco Bethesda,codex_verified,142,verified,verified,not_applicable,0,0,verified,2026-08-27T19:29:59.373Z
five-guys,Five Guys,codex_verified,47,verified,verified,not_applicable,0,0,verified,2026-08-27T19:29:59.373Z
flemings-prime-steakhouse-tysons-va,Fleming's Prime Steakhouse Tysons,codex_verified,218,verified,verified,not_applicable,0,0,verified,2026-08-27T19:29:59.373Z
flor-coffee-books-georgetown-dc,Flor Coffee + Books Georgetown,codex_verified,37,verified,accurately_unavailable,not_applicable,0,0,verified,2026-08-27T19:29:59.373Z
floreria-atlantico-dc,Floreria Atlantico,codex_verified,12,verified,accurately_unavailable,not_applicable,0,0,verified,2026-08-27T19:29:59.373Z
floriana-dc,Floriana,codex_verified,40,verified,accurately_unavailable,not_applicable,0,0,verified,2026-08-27T19:29:59.373Z
florida-avenue-grill-dc,Florida Avenue Grill,codex_verified,21,verified,accurately_unavailable,not_applicable,0,0,verified,2026-08-27T19:29:59.373Z
osm-flower-child-6327602834,Flower Child,codex_verified,73,verified,accurately_unavailable,not_applicable,0,0,verified,2026-08-27T19:29:59.373Z
flower-child-bethesda,Flower Child Bethesda,codex_verified,73,verified,accurately_unavailable,not_applicable,0,0,verified,2026-08-27T19:29:59.373Z
fogo-de-chao-tysons-va,Fogo de Chão Tysons,codex_verified,12,verified,accurately_unavailable,not_applicable,0,0,verified,2026-08-27T19:29:59.373Z
fontina-grille-rockville-md-dc-metro,Fontina Grille,codex_verified,278,verified,accurately_unavailable,not_applicable,0,0,verified,2026-08-27T19:29:59.373Z
ford-s-fish-shack-ashburn-va-dc-metro,Ford's Fish Shack,codex_verified,76,verified,accurately_unavailable,not_applicable,0,0,verified,2026-08-27T19:29:59.373Z
fossette-focacceria-union-market-dc,Fossette Focacceria Union Market,codex_verified,10,verified,accurately_unavailable,not_applicable,0,0,verified,2026-08-07T02:42:03.900Z
osm-foster-s-3200208879,Foster's Grill,codex_verified,29,verified,accurately_unavailable,not_applicable,0,0,verified,2026-08-27T19:29:59.373Z
founding-farmers-dc,Founding Farmers DC,codex_verified,137,verified,accurately_unavailable,not_applicable,0,0,verified,2026-08-27T19:29:59.373Z
founding-farmers-reston-station-va,Founding Farmers Reston Station,codex_verified,154,verified,accurately_unavailable,not_applicable,0,0,verified,2026-08-27T19:29:59.373Z
founding-farmers-tysons-va,Founding Farmers Tysons,codex_verified,167,verified,accurately_unavailable,not_applicable,0,0,verified,2026-08-27T19:29:59.373Z
replacement-fountain-grill-ashburn-va,Fountain Grill,codex_verified,58,verified,accurately_unavailable,not_applicable,0,0,verified,2026-08-27T19:29:59.373Z
four-sisters-grill-arlington-va,Four Sisters Grill,codex_verified,67,verified,accurately_unavailable,not_applicable,0,0,verified,2026-08-27T19:29:59.373Z
replacement-fraiche-washington-dc,Fraiche,codex_verified,57,verified,accurately_unavailable,not_applicable,0,0,verified,2026-08-27T19:29:59.373Z
osm-frank-s-burgers-10979539541,Frank's Burgers,codex_verified,51,verified,accurately_unavailable,not_applicable,0,0,verified,2026-08-27T19:29:59.373Z
franklins-hyattsville-md-dc-metro,Franklins,codex_verified,106,verified,accurately_unavailable,not_applicable,0,0,verified,2026-08-27T19:29:59.373Z
frankly-pizza-kensington-md-dc-metro,Frankly...Pizza!,codex_verified,55,verified,accurately_unavailable,not_applicable,0,0,verified,2026-08-27T19:29:59.373Z
fresh-baguette-dc,Fresh Baguette,codex_verified,144,verified,accurately_unavailable,not_applicable,0,0,verified,2026-08-27T19:29:59.373Z
osm-front-porch-514348150,Front Porch,codex_verified,8,verified,accurately_unavailable,not_applicable,0,0,verified,2026-08-27T19:29:59.373Z
replacement-full-key-wheaton-md,Full Key,codex_verified,149,verified,accurately_unavailable,not_applicable,0,0,verified,2026-08-27T19:29:59.373Z
osm-gadsby-s-tavern-205317817,Gadsby's Tavern,codex_verified,31,verified,accurately_unavailable,not_applicable,0,0,verified,2026-08-27T19:29:59.373Z
replacement-gaia-washington-dc,GAIA,codex_verified,38,verified,accurately_unavailable,not_applicable,0,0,verified,2026-08-27T19:29:59.373Z
osm-galae-thai-2245510910,Galae Thai,codex_verified,45,verified,accurately_unavailable,not_applicable,0,0,verified,2026-08-27T19:29:59.373Z
galaxy-hut-arlington-va,Galaxy Hut,codex_verified,141,verified,accurately_unavailable,not_applicable,0,0,verified,2026-08-27T19:29:59.373Z
replacement-gatsby-washington-dc,GATSBY,codex_verified,90,verified,accurately_unavailable,not_applicable,0,0,verified,2026-08-27T19:29:59.373Z
gcdc-grilled-cheese-dc,GCDC Grilled Cheese Bar,codex_verified,60,verified,accurately_unavailable,not_applicable,0,0,verified,2026-08-27T19:29:59.373Z
gemini-dc,Gemini,codex_verified,97,verified,accurately_unavailable,not_applicable,0,0,verified,2026-08-27T19:29:59.373Z
genki-izakaya-fairfax-va-dc-metro,Genki Izakaya 元気,codex_verified,165,verified,accurately_unavailable,not_applicable,0,0,verified,2026-08-27T19:29:59.373Z
osm-genova-pizza-12207810924,Genova Pizza,codex_verified,92,verified,accurately_unavailable,not_applicable,0,0,verified,2026-08-27T19:29:59.373Z
georges-falafel-georgetown-dc,George's King of Falafel & Cheesesteak Georgetown,codex_verified,26,verified,accurately_unavailable,not_applicable,0,0,verified,2026-08-27T19:29:59.373Z
georges-steak-n-things-fairfax-station-va,George's Steak N' Things,codex_verified,74,verified,accurately_unavailable,not_applicable,0,0,verified,2026-08-27T19:29:59.373Z
georgetown-bagelry-bethesda-dc-metro,Georgetown Bagelry Bethesda,codex_verified,77,verified,accurately_unavailable,not_applicable,0,0,verified,2026-08-27T19:29:59.373Z
georgetown-cupcake-dc,Georgetown Cupcake,codex_verified,51,verified,accurately_unavailable,not_applicable,0,0,verified,2026-08-27T19:29:59.373Z
georgetown-seafood-washington-dc-dc-metro,Georgetown Seafood,codex_verified,47,verified,accurately_unavailable,not_applicable,0,0,verified,2026-08-27T19:29:59.373Z
replacement-gerrard-street-kitchen-washington-dc,Gerrard Street Kitchen,codex_verified,19,verified,accurately_unavailable,not_applicable,0,0,verified,2026-08-27T19:29:59.373Z
ghostburger-dc,Ghostburger,codex_verified,77,verified,accurately_unavailable,not_applicable,0,0,verified,2026-08-27T19:29:59.373Z
replacement-giardino-italian-restaurant-springfield-va,Giardino Italian Restaurant,codex_verified,87,verified,accurately_unavailable,not_applicable,0,0,verified,2026-08-27T19:29:59.373Z
replacement-gigi-s-pasta-washington-dc,Gigi's Pasta,codex_verified,13,verified,accurately_unavailable,not_applicable,0,0,verified,2026-08-27T19:29:59.373Z
osm-gin-ramen-12207962682,Gin Ramen,codex_verified,57,verified,accurately_unavailable,not_applicable,0,0,verified,2026-08-27T19:29:59.373Z
osm-giuseppi-s-pizza-3527237201,Giuseppi's Pizza,codex_verified,77,verified,accurately_unavailable,not_applicable,0,0,verified,2026-08-27T19:29:59.373Z
replacement-glenwood-s-stanford-grill-columbia-columbia-md,Glenwood's (Stanford Grill - Columbia),codex_verified,57,verified,accurately_unavailable,not_applicable,0,0,verified,2026-08-27T19:29:59.373Z
glory-days-grill-lorton-va-dc-metro,Glory Days Grill,codex_verified,246,verified,verified,not_applicable,0,0,verified,2026-08-27T19:29:59.373Z
osm-glory-days-grille-237472337,Glory Days Grille,codex_verified,235,verified,verified,not_applicable,0,0,verified,2026-08-27T19:29:59.373Z
replacement-godfrey-s-falls-church-va,Godfrey's,codex_verified,100,verified,accurately_unavailable,not_applicable,0,0,verified,2026-08-27T19:29:59.373Z
osm-gogi-92-korean-bbq-3388354065,GoGi 92 Korean BBQ,codex_verified,55,verified,accurately_unavailable,not_applicable,0,0,verified,2026-08-27T19:29:59.373Z
replacement-gogiville-va-centreville-va,GOGIVILLE - VA,codex_verified,57,verified,accurately_unavailable,not_applicable,0,0,verified,2026-08-27T19:29:59.373Z
gong-cha,Gong cha,codex_verified,205,verified,accurately_unavailable,not_applicable,0,0,verified,2026-08-27T19:29:59.373Z
good-company-doughnuts-ballston-va,Good Company Doughnuts & Cafe Ballston,codex_verified,128,verified,accurately_unavailable,not_applicable,0,0,verified,2026-08-27T19:29:59.373Z
good-stuff-eatery-georgetown-dc,Good Stuff Eatery Georgetown,codex_verified,31,verified,accurately_unavailable,not_applicable,0,0,verified,2026-08-27T19:29:59.373Z
hells-kitchen-dc,Gordon Ramsay Hell's Kitchen DC,codex_verified,48,verified,accurately_unavailable,not_applicable,0,0,verified,2026-08-27T19:29:59.373Z
grace-street-georgetown-dc,Grace Street Georgetown,codex_verified,17,verified,accurately_unavailable,not_applicable,0,0,verified,2026-08-27T19:29:59.373Z
grace-s-mandarin-washington-dc-dc-metro,Grace's Mandarin,codex_verified,156,verified,accurately_unavailable,not_applicable,0,0,verified,2026-08-27T19:29:59.373Z
osm-grand-fusion-cuisine-13252840927,Grand Fusion Cuisine,codex_verified,11,verified,accurately_unavailable,not_applicable,0,0,verified,2026-08-27T19:29:59.373Z
grande-buffet-and-grill-laurel-md-dc-metro,GrandE Buffet & Grill,codex_verified,1,verified,accurately_unavailable,not_applicable,0,0,verified,2026-08-27T19:29:59.373Z
replacement-granville-moore-s-washington-dc,Granville Moore's,codex_verified,43,verified,accurately_unavailable,not_applicable,0,0,verified,2026-08-27T19:29:59.373Z
gravitas-dc,Gravitas,codex_verified,0,verified,accurately_unavailable,not_applicable,0,0,verified,2026-08-12T14:36:18.922Z
grazie-grazie-dc,Grazie Grazie,codex_verified,39,verified,accurately_unavailable,not_applicable,0,0,verified,2026-08-27T19:29:59.373Z
grazie-nonna-dc,Grazie Nonna,codex_verified,61,verified,accurately_unavailable,not_applicable,0,0,verified,2026-08-27T19:29:59.373Z
greek-deli-dc,Greek Deli & Catering,codex_verified,39,verified,accurately_unavailable,not_applicable,0,0,verified,2026-08-27T19:29:59.373Z
osm-greek-unique-12234989460,Greek Unique,codex_verified,64,verified,accurately_unavailable,not_applicable,0,0,verified,2026-08-27T19:29:59.373Z
green-almond-pantry-dc,Green Almond Pantry,codex_verified,0,verified,accurately_unavailable,not_applicable,0,0,verified,2026-08-27T19:29:59.373Z
osm-green-olive-buffet-7765743294,Green Olive Buffet,codex_verified,72,verified,accurately_unavailable,not_applicable,0,0,verified,2026-08-27T19:29:59.373Z
green-pig-bistro-arlington-va-dc-metro,Green Pig Bistro,codex_verified,92,verified,accurately_unavailable,not_applicable,0,0,verified,2026-08-27T19:29:59.373Z
osm-greenfare-12246325393,GreenFare,codex_verified,7,verified,accurately_unavailable,not_applicable,0,0,verified,2026-08-27T19:29:59.373Z
greenhouse-kitchen-bar-vienna-va-dc-metro,Greenhouse Kitchen + Bar,codex_verified,91,verified,accurately_unavailable,not_applicable,0,0,verified,2026-08-27T19:29:59.373Z
gregorio-s-trattoria-potomac-md-dc-metro,Gregorio's Trattoria,codex_verified,102,verified,accurately_unavailable,not_applicable,0,0,verified,2026-08-27T19:29:59.373Z
gregorys-coffee-dc,Gregorys Coffee,codex_verified,20,verified,accurately_unavailable,not_applicable,0,0,verified,2026-08-27T19:29:59.373Z
chain-kabob,Grill Kabob,codex_verified,28,verified,accurately_unavailable,not_applicable,0,0,verified,2026-08-27T19:29:59.373Z
replacement-grillmarx-columbia-steakhouse-and-raw-bar-columbia-md,GrillMarx Columbia Steakhouse & Raw Bar,codex_verified,140,verified,accurately_unavailable,not_applicable,0,0,verified,2026-08-27T19:29:59.373Z
gringos-and-mariachis-bethesda-dc-metro,Gringos & Mariachis Bethesda,codex_verified,97,verified,accurately_unavailable,not_applicable,0,0,verified,2026-08-27T19:29:59.373Z
guacado-laurel-dc-metro,Guacado Laurel,codex_verified,24,verified,accurately_unavailable,not_applicable,0,0,verified,2026-08-27T19:29:59.373Z
osm-guajillo-2563891113,Guajillo,codex_verified,46,verified,accurately_unavailable,not_applicable,0,0,verified,2026-08-27T19:29:59.373Z
chain-guapo-s,Guapo's,codex_verified,154,verified,accurately_unavailable,not_applicable,0,0,verified,2026-08-27T19:29:59.373Z
guapo-s-cocina-and-bar-gaithersburg-md-dc-metro,Guapo's Cocina & Bar,codex_verified,150,verified,accurately_unavailable,not_applicable,0,0,verified,2026-08-27T19:29:59.373Z
replacement-guardado-s-restaurant-bethesda-md,Guardado's Restaurant,codex_verified,69,verified,accurately_unavailable,not_applicable,0,0,verified,2026-08-27T19:29:59.373Z
guerra-steakhouse-arlington-va,Guerra Steakhouse,codex_verified,37,verified,accurately_unavailable,not_applicable,0,0,verified,2026-08-27T19:29:59.373Z
gypsy-kitchen-dc,Gypsy Kitchen DC,codex_verified,30,verified,accurately_unavailable,not_applicable,0,0,verified,2026-08-27T19:29:59.373Z
osm-gyu-san-japanese-bbq-12207975098,Gyu San Japanese BBQ,codex_verified,86,verified,accurately_unavailable,not_applicable,0,0,verified,2026-08-27T19:29:59.373Z
gyuzo-japanese-bbq-wagyu-sushi-ramen-all-you-can-eat-rockville-md-dc-metro,Gyuzo Japanese BBQ - Wagyu / Sushi / Ramen - All You Can Eat,codex_verified,110,verified,accurately_unavailable,not_applicable,0,0,verified,2026-08-27T19:29:59.373Z
habit-burger-grill,Habit Burger & Grill,codex_verified,115,verified,verified,not_applicable,0,0,verified,2026-08-27T19:29:59.373Z
osm-haifa-13079176476,Haifa Grill,codex_verified,81,verified,accurately_unavailable,not_applicable,0,0,verified,2026-08-27T19:29:59.373Z
haikan-dc,Haikan,codex_verified,28,verified,accurately_unavailable,not_applicable,0,0,not_needed,2026-08-07T22:20:15.768Z
replacement-halal-munchies-ashburn-ashburn-va,Halal Munchies - Ashburn,codex_verified,8,verified,accurately_unavailable,not_applicable,0,0,verified,2026-08-27T19:29:59.373Z
osm-hama-sushi-5166509330,Hama Sushi,codex_verified,95,verified,accurately_unavailable,not_applicable,0,0,verified,2026-08-27T19:29:59.373Z
osm-hamrock-s-resturaunt-379238772,Hamrock's Resturaunt,codex_verified,68,verified,accurately_unavailable,not_applicable,0,0,verified,2026-08-27T19:29:59.373Z
replacement-han-gang-restaurant-annandale-va,Han Gang Restaurant,codex_verified,80,verified,accurately_unavailable,not_applicable,0,0,verified,2026-08-27T19:29:59.373Z
osm-han-palace-tysons-13514652168,Han Palace Tysons,codex_verified,11,verified,accurately_unavailable,not_applicable,0,0,verified,2026-08-27T19:29:59.373Z
replacement-han-palace-woodley-park-washington-dc,Han Palace-Woodley Park,codex_verified,140,verified,accurately_unavailable,not_applicable,0,0,verified,2026-08-27T19:29:59.373Z
replacement-hangry-burger-springfield-va,Hangry Burger,codex_verified,94,verified,accurately_unavailable,not_applicable,0,0,verified,2026-08-27T19:29:59.373Z
chain-hangry-joe-s-hot-chicken,Hangry Joe's Hot Chicken,codex_verified,14,verified,accurately_unavailable,not_applicable,0,0,verified,2026-08-27T19:29:59.373Z
hanks-oyster-bar-wharf-dc,Hank's Oyster Bar The Wharf,codex_verified,143,verified,accurately_unavailable,not_applicable,0,0,verified,2026-08-27T19:29:59.373Z
osm-hank-s-pasta-13096994691,Hank's Pasta Bar,codex_verified,52,verified,accurately_unavailable,not_applicable,0,0,verified,2026-08-27T19:29:59.373Z
replacement-harrar-coffee-and-roastery-washington-dc,Harrar Coffee & Roastery,codex_verified,14,verified,accurately_unavailable,not_applicable,0,0,verified,2026-08-27T19:29:59.373Z
harrimans-middleburg-va,Harrimans,codex_verified,45,verified,accurately_unavailable,not_applicable,0,0,verified,2026-08-27T19:29:59.373Z
harth-tysons-va,Härth,codex_verified,53,verified,accurately_unavailable,not_applicable,0,0,verified,2026-08-27T19:29:59.373Z
osm-harvey-s-2193573798,Harvey's,codex_verified,156,verified,accurately_unavailable,not_applicable,0,0,verified,2026-08-27T19:29:59.373Z
hawk-and-griffin-vienna-va,Hawk and Griffin,codex_verified,76,verified,accurately_unavailable,not_applicable,0,0,verified,2026-08-27T19:29:59.373Z
hawk-n-dove-capitol-hill-dc-washington-dc-dc-metro,Hawk N Dove Capitol Hill DC,codex_verified,42,verified,accurately_unavailable,not_applicable,0,0,verified,2026-08-27T19:29:59.373Z
osm-hawkers-9960460114,Hawkers,codex_verified,64,verified,verified,not_applicable,0,0,verified,2026-08-27T19:29:59.373Z
hawkers-asian-street-food-bethesda-md-dc-metro,Hawkers Asian Street Food,codex_verified,79,verified,verified,not_applicable,0,0,verified,2026-08-10T16:08:42.980Z
heidelberg-pastry-shoppe-arlington-va,Heidelberg Pastry Shoppe,codex_verified,138,verified,accurately_unavailable,not_applicable,0,0,verified,2026-08-27T19:29:59.373Z
heirloom-reston-va,Heirloom Reston,codex_verified,27,verified,accurately_unavailable,not_applicable,0,0,verified,2026-08-27T19:29:59.373Z
hello-betty-north-bethesda-md,Hello Betty Bethesda,codex_verified,112,verified,accurately_unavailable,not_applicable,0,0,verified,2026-08-27T19:29:59.373Z
osm-hershey-s-166986918,Hershey's Restaurant,codex_verified,71,verified,accurately_unavailable,not_applicable,0,0,verified,2026-08-27T19:29:59.373Z
osm-hi-fi-tex-mex-bbq-12965590481,Hi/Fi Tex-Mex BBQ,codex_verified,30,verified,accurately_unavailable,not_applicable,0,0,verified,2026-08-27T19:29:59.373Z
highlands-dc,Highlands,codex_verified,111,verified,accurately_unavailable,not_applicable,0,0,verified,2026-08-27T19:29:59.373Z
replacement-himalayan-wild-yak-ashburn-va,Himalayan wild yak,codex_verified,138,verified,accurately_unavailable,not_applicable,0,0,verified,2026-08-27T19:29:59.373Z
hinata-sushi-carryout-bethesda-md,Hinata Sushi Carry Out,codex_verified,86,verified,accurately_unavailable,not_applicable,0,0,verified,2026-08-27T19:29:59.373Z
osm-hinzi-s-13796406656,Hinzi's Kitchen,codex_verified,74,verified,accurately_unavailable,not_applicable,0,0,verified,2026-08-27T19:29:59.373Z
hiraya-kayu-dc,Hiraya / Kayu,codex_verified,28,verified,accurately_unavailable,not_applicable,0,0,verified,2026-08-27T19:29:59.373Z
replacement-his-and-hers-washington-dc,His & Hers,codex_verified,150,verified,accurately_unavailable,not_applicable,0,0,verified,2026-08-27T19:29:59.373Z
hitching-post-dc,Hitching Post,codex_verified,76,verified,accurately_unavailable,not_applicable,0,0,verified,2026-08-27T19:29:59.373Z
osm-hokkaido-ramen-santouka-7273274240,Hokkaido Ramen Santouka,codex_verified,35,verified,accurately_unavailable,not_applicable,0,0,verified,2026-08-27T19:29:59.373Z
osm-homegrown-13134638759,HomeGrown,codex_verified,33,verified,accurately_unavailable,not_applicable,0,0,verified,2026-08-27T19:29:59.373Z
replacement-honest-grill-centreville-va,Honest Grill,codex_verified,92,verified,accurately_unavailable,not_applicable,0,0,verified,2026-08-27T19:29:59.373Z
honey-pig-bbq-annandale-va-dc-metro,Honey Pig BBQ,codex_verified,48,verified,accurately_unavailable,not_applicable,0,0,verified,2026-08-27T19:29:59.373Z
honeygrow,honeygrow,codex_verified,131,verified,accurately_unavailable,not_applicable,0,0,verified,2026-08-27T19:29:59.373Z
honeymoon-chicken-dc,Honeymoon Chicken,codex_verified,85,verified,accurately_unavailable,not_applicable,0,0,verified,2026-08-27T19:29:59.373Z
hong-kong-palace-falls-church-va,Hong Kong Palace,codex_verified,150,verified,accurately_unavailable,not_applicable,0,0,verified,2026-08-27T19:29:59.373Z
replacement-honor-brewing-kitchen-fairfax-fairfax-va,Honor Brewing Kitchen - Fairfax,codex_verified,66,verified,accurately_unavailable,not_applicable,0,0,verified,2026-08-27T19:29:59.373Z
hook-and-reel-cajun-seafood-and-bar-gaithersburg-md-dc-metro,Hook & Reel Cajun Seafood & Bar,codex_verified,14,verified,accurately_unavailable,not_applicable,0,0,verified,2026-08-27T19:29:59.373Z
osm-hops-n-shine-9386899030,Hops N Shine,codex_verified,81,verified,accurately_unavailable,not_applicable,0,0,verified,2026-08-27T19:29:59.373Z
hot-n-juicy-crawfish-washington-dc-dc-metro,Hot N Juicy Crawfish,codex_verified,70,verified,accurately_unavailable,not_applicable,0,0,verified,2026-08-27T19:29:59.373Z
replacement-hot-peppercorn-springfield-va,Hot Peppercorn,codex_verified,241,verified,accurately_unavailable,not_applicable,0,0,verified,2026-08-27T19:29:59.373Z
osm-hot-peppercorn-asian-cuisin-3381531103,Hot Peppercorn Asian Cuisin & Bar,codex_verified,22,verified,accurately_unavailable,not_applicable,0,0,verified,2026-08-27T19:29:59.373Z
osm-houlihan-s-612753033,Houlihan's,codex_verified,50,verified,accurately_unavailable,not_applicable,0,0,verified,2026-08-27T19:29:59.373Z
hu-tieu-mi-lacay-cho-lon-falls-church-va,Hu Tieu Mi Lacay Cho Lon,codex_verified,43,verified,accurately_unavailable,not_applicable,0,0,verified,2026-08-27T19:29:59.373Z
osm-hula-inn-12234956692,Hula Inn,codex_verified,184,verified,accurately_unavailable,not_applicable,0,0,verified,2026-08-27T19:29:59.373Z
osm-hummingbird-11090437433,Hummingbird Bar & Kitchen,codex_verified,62,verified,accurately_unavailable,not_applicable,0,0,verified,2026-08-27T19:29:59.373Z
replacement-huncho-house-hyattsville-md,Huncho House,codex_verified,110,verified,accurately_unavailable,not_applicable,0,0,verified,2026-08-27T19:29:59.373Z
osm-hunter-s-3880545349,Hunter's Bar and Grill,codex_verified,116,verified,accurately_unavailable,not_applicable,0,0,verified,2026-08-27T19:29:59.373Z
osm-ichiban-izakaya-12207907591,Ichiban Izakaya,codex_verified,118,verified,accurately_unavailable,not_applicable,0,0,verified,2026-08-27T19:29:59.373Z
osm-ichiban-sushi-ramen-957578702,Ichiban Sushi & Ramen,codex_verified,153,verified,accurately_unavailable,not_applicable,0,0,verified,2026-08-27T19:29:59.373Z
idylwood-grill-falls-church-va,Idylwood Grill & Wine Bar,codex_verified,20,verified,accurately_unavailable,not_applicable,0,0,verified,2026-08-27T19:29:59.373Z
ihop,IHOP,codex_verified,184,verified,verified,not_applicable,0,0,verified,2026-08-27T17:21:14.000Z
ikea-restaurant-college-park-md-dc-metro,IKEA Restaurant,codex_verified,44,verified,accurately_unavailable,not_applicable,0,0,verified,2026-08-27T19:29:59.373Z
il-canale-dc,Il Canale,codex_verified,154,verified,accurately_unavailable,not_applicable,0,0,verified,2026-08-27T19:29:59.373Z
osm-il-pizzico-6595475668,Il Pizzico,codex_verified,28,verified,accurately_unavailable,not_applicable,0,0,verified,2026-08-27T19:29:59.373Z
replacement-il-porto-gaithersburg-md,Il Porto,codex_verified,55,verified,accurately_unavailable,not_applicable,0,0,verified,2026-08-27T19:29:59.373Z
il-porto-italian-ristorante-alexandria-va-dc-metro,IL Porto Italian Ristorante,codex_verified,12,verified,accurately_unavailable,not_applicable,0,0,verified,2026-08-27T19:29:59.373Z
osm-il-porto-ristorante-160692021,Il Porto Ristorante,codex_verified,14,verified,accurately_unavailable,not_applicable,0,0,verified,2026-08-27T19:29:59.373Z
ilili-dc,ilili DC,codex_verified,232,verified,accurately_unavailable,not_applicable,0,0,verified,2026-08-27T19:29:59.373Z
replacement-immigrant-food-at-planet-word-washington-dc,Immigrant Food at Planet Word,codex_verified,37,verified,accurately_unavailable,not_applicable,0,0,verified,2026-08-27T19:29:59.373Z
imperfecto-dc,Imperfecto,codex_verified,39,verified,accurately_unavailable,not_applicable,0,0,verified,2026-08-27T19:29:59.373Z
inca-social-vienna-va-dc-metro,Inca Social,codex_verified,68,verified,accurately_unavailable,not_applicable,0,0,verified,2026-08-27T19:29:59.373Z
osm-inchin-s-bamboo-garden-5726287716,Inchin's Bamboo Garden,codex_verified,200,verified,accurately_unavailable,not_applicable,0,0,verified,2026-08-27T19:29:59.373Z
osm-indaroma-11473331569,IndAroma,codex_verified,62,verified,accurately_unavailable,not_applicable,0,0,verified,2026-08-27T19:29:59.373Z
indigo-dc,Indigo,codex_verified,66,verified,accurately_unavailable,not_applicable,0,0,verified,2026-08-27T19:29:59.373Z
osm-indo-chen-11762375797,Indo Chen,codex_verified,96,verified,accurately_unavailable,not_applicable,0,0,verified,2026-08-27T19:29:59.373Z
insomnia-cookies-dc,Insomnia Cookies,codex_verified,51,verified,verified,not_applicable,0,0,verified,2026-08-27T19:29:59.373Z
intercontinental-washington-d-c-the-wharf-by-ihg-washington-dc-dc-metro,InterContinental Washington D.C. - the Wharf by IHG,codex_verified,13,verified,accurately_unavailable,not_applicable,0,0,verified,2026-08-27T19:29:59.373Z
ireland-s-four-provinces-falls-church-va-dc-metro,Ireland's Four Provinces,codex_verified,105,verified,accurately_unavailable,not_applicable,0,0,verified,2026-08-27T19:29:59.373Z
iron-age-centreville-va-dc-metro,Iron Age,codex_verified,17,verified,accurately_unavailable,not_applicable,0,0,verified,2026-08-27T19:29:59.373Z
iron-gate-restaurant-washington-dc-dc-metro,Iron Gate Restaurant,codex_verified,21,verified,accurately_unavailable,not_applicable,0,0,verified,2026-08-27T19:29:59.373Z
iron-rooster-college-park-dc-metro,Iron Rooster College Park,codex_verified,79,verified,accurately_unavailable,not_applicable,0,0,verified,2026-08-27T19:29:59.373Z
osm-isaac-s-poultry-market-170085572,ISAAC's Poultry Market,codex_verified,68,verified,accurately_unavailable,not_applicable,0,0,verified,2026-08-27T19:29:59.373Z
replacement-isla-restaurant-washington-dc,ISLA Restaurant,codex_verified,43,verified,accurately_unavailable,not_applicable,0,0,verified,2026-08-27T19:29:59.373Z
replacement-istanbul-kitchen-mclean-va,Istanbul Kitchen,codex_verified,51,verified,accurately_unavailable,not_applicable,0,0,verified,2026-08-27T19:29:59.373Z
ivy-by-the-lake-sterling-va-dc-metro,Ivy By The Lake,codex_verified,45,verified,accurately_unavailable,not_applicable,0,0,verified,2026-08-27T19:29:59.373Z
ivy-city-smokehouse-washington-dc-dc-metro,Ivy City Smokehouse,codex_verified,25,verified,accurately_unavailable,not_applicable,0,0,verified,2026-08-27T19:29:59.373Z
izumi-adams-morgan-dc,Izumi,codex_verified,170,verified,accurately_unavailable,not_applicable,0,0,verified,2026-08-27T19:29:59.373Z
j-gilbert-s-wood-fired-steaks-and-seafood-mclean-va-dc-metro,J. Gilbert's Wood-Fired Steaks & Seafood,codex_verified,75,verified,accurately_unavailable,not_applicable,0,0,verified,2026-08-27T19:29:59.373Z
j-hollingers-watermans-chophouse-silver-spring-md,J. Hollinger's Waterman's Chophouse,codex_verified,51,verified,accurately_unavailable,not_applicable,0,0,verified,2026-08-27T19:29:59.373Z
replacement-j-hollinger-s-waterman-s-chophouse-silver-spring-md,J. Hollinger's Waterman's Chophouse,codex_verified,53,verified,accurately_unavailable,not_applicable,0,0,verified,2026-08-27T19:29:59.373Z
replacement-jab-we-met-indian-kitchen-washington-dc,Jab We Met Indian Kitchen,codex_verified,102,verified,accurately_unavailable,not_applicable,0,0,verified,2026-08-27T19:29:59.373Z
jack-rose-dining-saloon-washington-dc-dc-metro,Jack Rose Dining Saloon,codex_verified,29,verified,accurately_unavailable,not_applicable,0,0,verified,2026-08-27T19:29:59.373Z
osm-jack-s-place-11761082628,Jack's Place,codex_verified,16,verified,accurately_unavailable,not_applicable,0,0,verified,2026-08-27T19:29:59.373Z
replacement-jackie-washington-dc,Jackie,codex_verified,54,verified,accurately_unavailable,not_applicable,0,0,verified,2026-08-27T19:29:59.373Z
osm-jackson-s-832367351,Jackson's,codex_verified,57,verified,accurately_unavailable,not_applicable,0,0,verified,2026-08-27T19:29:59.373Z
jacksons-mighty-fine-food-and-lucky-lounge-reston-va-dc-metro,Jackson's Mighty Fine Food and Lucky Lounge,codex_verified,69,verified,accurately_unavailable,not_applicable,0,0,verified,2026-08-27T19:29:59.373Z
jailbreak-foodworks-washington-dc-dc-metro,Jailbreak Foodworks,codex_verified,25,verified,accurately_unavailable,not_applicable,0,0,verified,2026-08-27T19:29:59.373Z
jaipur-royal-indian-cuisine-fairfax-va,Jaipur Royal Indian Cuisine,codex_verified,114,verified,accurately_unavailable,not_applicable,0,0,verified,2026-08-27T19:29:59.373Z
jaleo-dc,Jaleo DC,codex_verified,218,verified,verified,not_applicable,0,0,verified,2026-08-27T19:29:59.373Z
osm-japomen-4254699882,Japomen,codex_verified,156,verified,accurately_unavailable,not_applicable,0,0,verified,2026-08-27T19:29:59.373Z
osm-jas-fam-caribbean-flavor-jamaican-13470610553,Jas & Fam Caribbean Flavor Jamaican Restaurant,codex_verified,90,verified,accurately_unavailable,not_applicable,0,0,verified,2026-08-27T19:29:59.373Z
java-nation-md,Java Nation,codex_verified,41,verified,accurately_unavailable,not_applicable,0,0,verified,2026-08-27T19:29:59.373Z
replacement-java-nation-silver-spring-md,Java Nation,codex_verified,42,verified,accurately_unavailable,not_applicable,0,0,verified,2026-08-27T19:29:59.373Z
jenis-dc,Jeni's Splendid Ice Creams,codex_verified,51,verified,verified,not_applicable,0,0,verified,2026-08-27T19:29:59.373Z
osm-jerry-chen-s-12207890777,Jerry Chen's,codex_verified,37,verified,accurately_unavailable,not_applicable,0,0,verified,2026-08-27T19:29:59.373Z
jetties-dc,Jetties,codex_verified,80,verified,verified,not_applicable,0,0,verified,2026-08-27T19:29:59.373Z
jewel-of-india-silver-spring-md,Jewel of India,codex_verified,112,verified,accurately_unavailable,not_applicable,0,0,verified,2026-08-27T19:29:59.373Z
jimmy-johns,Jimmy John's,codex_verified,40,verified,verified,not_applicable,0,0,verified,2026-08-27T19:29:59.373Z
jimmys-old-town-tavern-herndon-va-dc-metro,Jimmys Old Town Tavern,codex_verified,31,verified,accurately_unavailable,not_applicable,0,0,verified,2026-08-27T19:29:59.373Z
jinya-ramen-dc,JINYA Ramen Bar,codex_verified,70,verified,verified,not_applicable,0,0,verified,2026-08-27T19:29:59.373Z
jireh-bakery-cafe-centreville-va,Jireh Bakery Cafe,codex_verified,106,verified,accurately_unavailable,not_applicable,0,0,verified,2026-08-27T19:29:59.373Z
joe-theismann-s-restaurant-alexandria-va-dc-metro,Joe Theismann's Restaurant,codex_verified,18,verified,accurately_unavailable,not_applicable,0,0,verified,2026-08-27T19:29:59.373Z
joes-cafe-sterling-va-dc-metro,Joe's Cafe,codex_verified,122,verified,accurately_unavailable,not_applicable,0,0,verified,2026-08-27T19:29:59.373Z
joe-s-seafood-prime-steak-and-stone-crab-washington-dc-dc-metro,"Joe's Seafood, Prime Steak & Stone Crab",codex_verified,87,verified,accurately_unavailable,not_applicable,0,0,verified,2026-09-02T16:38:51.761Z
joia-burger-dc,Joia Burger,codex_verified,10,verified,accurately_unavailable,not_applicable,0,0,verified,2026-08-27T19:29:59.373Z
jont-dc,Jont,codex_verified,0,verified,accurately_unavailable,not_applicable,0,0,verified,2026-08-27T19:29:59.373Z
joon-dc,Joon,codex_verified,90,verified,accurately_unavailable,not_applicable,0,0,verified,2026-08-27T19:29:59.373Z
osm-josephine-204948014,Josephine,codex_verified,41,verified,accurately_unavailable,not_applicable,0,0,verified,2026-08-27T19:29:59.373Z
osm-juke-box-diner-3925447512,Juke Box Diner,codex_verified,106,verified,accurately_unavailable,not_applicable,0,0,verified,2026-08-27T19:29:59.373Z
jula-s-on-the-potomac-alexandria-va-dc-metro,Jula's on the Potomac,codex_verified,111,verified,accurately_unavailable,not_applicable,0,0,verified,2026-08-27T19:29:59.373Z
osm-juliano-s-subs-pizza-12493934493,Juliano's Subs & Pizza,codex_verified,42,verified,accurately_unavailable,not_applicable,0,0,verified,2026-08-27T19:29:59.373Z
julii-bethesda-md-dc-metro,Julii,codex_verified,9,verified,accurately_unavailable,not_applicable,0,0,verified,2026-08-27T19:29:59.373Z
julii-pike-and-rose-md,Julii Pike & Rose,codex_verified,9,verified,accurately_unavailable,not_applicable,0,0,verified,2026-08-27T19:29:59.373Z
junction-capitol-hill-dc,"Junction Bistro, Bar & Bakery Capitol Hill",codex_verified,59,verified,accurately_unavailable,not_applicable,0,0,verified,2026-08-27T19:29:59.373Z
k-wings-centreville-dc-metro,K-Wings Centreville,codex_verified,51,verified,accurately_unavailable,not_applicable,0,0,verified,2026-08-27T19:29:59.373Z
osm-kabob-bazaar-1089754237,Kabob Bazaar,codex_verified,242,verified,accurately_unavailable,not_applicable,0,0,verified,2026-08-27T19:29:59.373Z
osm-kabob-palace-12207978745,Kabob Palace,codex_verified,15,verified,accurately_unavailable,not_applicable,0,0,verified,2026-08-27T19:29:59.373Z
replacement-kabob-station-lorton-va,Kabob Station,codex_verified,30,verified,accurately_unavailable,not_applicable,0,0,verified,2026-08-27T19:29:59.373Z
replacement-kaldi-s-social-house-arlington-va,Kaldi's Social House,codex_verified,113,verified,accurately_unavailable,not_applicable,0,0,verified,2026-08-27T19:29:59.373Z
kaldi-s-social-house-silver-spring-silver-spring-md-dc-metro,Kaldi’s Social House Silver Spring,codex_verified,32,verified,accurately_unavailable,not_applicable,0,0,verified,2026-08-27T19:29:59.373Z
kaliwa-dc,Kaliwa,codex_verified,40,verified,accurately_unavailable,not_applicable,0,0,verified,2026-08-27T19:29:59.373Z
osm-kalpasi-2700747709,Kalpasi,codex_verified,121,verified,accurately_unavailable,not_applicable,0,0,verified,2026-08-27T19:29:59.373Z
kanoon-smoked-meat-and-steakhouse-restaurant-owner-herndon-va-dc-metro,Kanoon Smoked Meat & Steakhouse Restaurant (Owner),codex_verified,74,verified,accurately_unavailable,not_applicable,0,0,verified,2026-08-27T19:29:59.373Z
osm-kao-sarn-thai-street-food-4822032792,Kao Sarn Thai Street Food,codex_verified,100,verified,accurately_unavailable,not_applicable,0,0,verified,2026-08-27T19:29:59.373Z
osm-kaphrao-express-304294832,Kaphrao Express,codex_verified,55,verified,accurately_unavailable,not_applicable,0,0,verified,2026-08-27T19:29:59.373Z
replacement-kapow-buddy-bethesda-md,Kapow Buddy,codex_verified,61,verified,accurately_unavailable,not_applicable,0,0,verified,2026-08-27T19:29:59.373Z
kappo-dc,Kappo DC,codex_verified,0,verified,accurately_unavailable,not_applicable,0,0,verified,2026-08-27T19:29:59.373Z
osm-karahi-boys-13475305897,Karahi Boys,codex_verified,121,verified,accurately_unavailable,not_applicable,0,0,verified,2026-08-27T19:29:59.373Z
osm-kare-3094959244,Kare Bar,codex_verified,71,verified,accurately_unavailable,not_applicable,0,0,verified,2026-08-27T19:29:59.373Z
karizma-modern-indian-dc,Karizma Modern Indian,codex_verified,49,verified,accurately_unavailable,not_applicable,0,0,verified,2026-08-27T19:29:59.373Z
karma-modern-indian-dc,Karma Modern Indian,codex_verified,28,verified,accurately_unavailable,not_applicable,0,0,verified,2026-08-27T19:29:59.373Z
replacement-karravaan-washington-dc,Karravaan,codex_verified,23,verified,accurately_unavailable,not_applicable,0,0,verified,2026-08-27T19:29:59.373Z
kathmandu-tapas-cocktails-dc,Kathmandu Tapas & Cocktails,codex_verified,9,verified,accurately_unavailable,not_applicable,0,0,verified,2026-08-27T19:29:59.373Z
osm-kazan-2296474079,Kazan Restaurant,codex_verified,52,verified,accurately_unavailable,not_applicable,0,0,verified,2026-08-27T19:29:59.373Z
osm-kema-by-kenaki-13947834801,Kema By KENAKI,codex_verified,116,verified,accurately_unavailable,not_applicable,0,0,verified,2026-08-27T19:29:59.373Z
keren-dc,Keren Restaurant,codex_verified,41,verified,accurately_unavailable,not_applicable,0,0,verified,2026-08-27T19:29:59.373Z
kfc,KFC,codex_verified,46,verified,verified,verified,0,0,verified,2026-08-27T19:29:59.373Z
osm-khun-yai-thai-6269788362,Khun Yai Thai,codex_verified,86,verified,accurately_unavailable,not_applicable,0,0,verified,2026-08-27T19:29:59.373Z
osm-kiin-imm-thai-6518787940,Kiin Imm Thai,codex_verified,100,verified,accurately_unavailable,not_applicable,0,0,verified,2026-08-27T19:29:59.373Z
kiin-imm-thai-rockville-dc-metro,Kiin Imm Thai Rockville,codex_verified,79,verified,accurately_unavailable,not_applicable,0,0,verified,2026-08-27T19:29:59.373Z
osm-kin-da-2598575314,Kin Da,codex_verified,93,verified,accurately_unavailable,not_applicable,0,0,verified,2026-08-27T19:29:59.373Z
osm-king-of-koshary-1090400019,King of Koshary,codex_verified,80,verified,accurately_unavailable,not_applicable,0,0,verified,2026-08-27T19:29:59.373Z
osm-king-pollo-of-reston-5353088952,King Pollo of Reston,codex_verified,46,verified,accurately_unavailable,not_applicable,0,0,verified,2026-08-27T19:29:59.373Z
king-street-oyster-noma-dc,King Street Oyster Bar NoMa,codex_verified,63,verified,accurately_unavailable,not_applicable,0,0,verified,2026-08-27T19:29:59.373Z
kingbird-dc,Kingbird,codex_verified,61,verified,verified,not_applicable,0,0,verified,2026-08-27T19:29:59.373Z
replacement-kingbird-washington-dc,Kingbird,codex_verified,12,verified,accurately_unavailable,not_applicable,0,0,verified,2026-08-27T19:29:59.373Z
kinship-dc,Kinship,codex_verified,0,verified,accurately_unavailable,not_applicable,0,0,verified,2026-08-12T12:32:42.577Z
kirwans-on-the-wharf-washington-dc-dc-metro,Kirwan’s on the Wharf,codex_verified,114,verified,accurately_unavailable,not_applicable,0,0,verified,2026-08-27T19:29:59.373Z
osm-kisso-asian-bistro-12207936059,Kisso Asian Bistro,codex_verified,190,verified,accurately_unavailable,not_applicable,0,0,verified,2026-08-27T19:29:59.373Z
kitchen-kocktails-by-kevin-kelley-dc-washington-dc-dc-metro,Kitchen + Kocktails By Kevin Kelley - DC,codex_verified,14,verified,accurately_unavailable,not_applicable,0,0,verified,2026-08-27T19:29:59.373Z
kizuna-sushi-ramen-tysons-va,Kizuna Sushi & Ramen,codex_verified,181,verified,accurately_unavailable,not_applicable,0,0,verified,2026-08-27T19:29:59.373Z
kloby-s-smokehouse-and-whiskey-bar-laurel-md-dc-metro,Kloby's Smokehouse & Whiskey Bar,codex_verified,14,verified,accurately_unavailable,not_applicable,0,0,verified,2026-08-27T19:29:59.373Z
osm-ko-hyang-house-13948601701,Ko Hyang House,codex_verified,12,verified,accurately_unavailable,not_applicable,0,0,verified,2026-08-27T19:29:59.373Z
kogiya-korean-bbq-annandale-va-dc-metro,Kogiya Korean BBQ,codex_verified,73,verified,accurately_unavailable,not_applicable,0,0,verified,2026-08-27T19:29:59.373Z
osm-kohinoor-dhaba-3277788978,Kohinoor Dhaba,codex_verified,12,verified,accurately_unavailable,not_applicable,0,0,verified,2026-08-27T19:29:59.373Z
osm-koma-coffee-13328243668,Koma Coffee,codex_verified,46,verified,accurately_unavailable,not_applicable,0,0,verified,2026-08-27T19:29:59.373Z
replacement-kookoo-restaurant-and-lounge-washington-dc,Kookoo Restaurant and Lounge,codex_verified,83,verified,accurately_unavailable,not_applicable,0,0,verified,2026-08-27T19:29:59.373Z
kramers-washington-dc-dc-metro,Kramers,codex_verified,79,verified,accurately_unavailable,not_applicable,0,0,verified,2026-08-27T19:29:59.373Z
krispy-kreme,Krispy Kreme,codex_verified,67,verified,verified,not_applicable,0,0,verified,2026-08-12T12:34:02.982Z
replacement-kumbia-restaurant-rockville-md,Kumbia Restaurant,codex_verified,11,verified,accurately_unavailable,not_applicable,0,0,verified,2026-08-27T19:29:59.373Z
chain-kung-fu-tea,Kung Fu Tea,codex_verified,19,verified,verified,not_applicable,0,0,verified,2026-08-27T19:29:59.373Z
replacement-kusshi-rockville-the-square-rockville-md,Kusshi Rockville The Square,codex_verified,196,verified,accurately_unavailable,not_applicable,0,0,verified,2026-08-27T19:29:59.373Z
osm-kuya-ja-s-11983695316,Kuya Ja's,codex_verified,30,verified,accurately_unavailable,not_applicable,0,0,verified,2026-08-27T19:29:59.373Z
osm-kyo-matcha-11399205396,Kyo Matcha,codex_verified,22,verified,accurately_unavailable,not_applicable,0,0,verified,2026-08-27T19:29:59.373Z
kyojin-dc,Kyojin,codex_verified,0,verified,accurately_unavailable,not_applicable,0,0,verified,2026-08-27T19:29:59.373Z
kyojin-sushi-washington-dc-dc-metro,KYOJIN Sushi,codex_verified,91,verified,accurately_unavailable,not_applicable,0,0,verified,2026-08-27T19:29:59.373Z
osm-kyuramen-falls-church-11399205395,Kyuramen Falls Church,codex_verified,120,verified,accurately_unavailable,not_applicable,0,0,verified,2026-08-27T19:29:59.373Z
lardente-dc,L'Ardente,codex_verified,62,verified,accurately_unavailable,not_applicable,0,0,verified,2026-08-27T19:29:59.373Z
l-auberge-chez-francois-great-falls-va,L'Auberge Chez Francois,codex_verified,51,verified,accurately_unavailable,not_applicable,0,0,verified,2026-08-27T19:29:59.373Z
l-auberge-chez-francois-washington-dc-dc-metro,L'Auberge Chez Francois,codex_verified,51,verified,accurately_unavailable,not_applicable,0,0,verified,2026-08-27T19:29:59.373Z
lavant-garde-dc,L'Avant-Garde,codex_verified,38,verified,accurately_unavailable,not_applicable,0,0,verified,2026-08-27T19:29:59.373Z
la-bonne-vache-dc,La Bonne Vache,codex_verified,32,verified,accurately_unavailable,not_applicable,0,0,verified,2026-08-27T19:29:59.373Z
osm-la-bonne-vie-640716899,La Bonne Vie,codex_verified,35,verified,accurately_unavailable,not_applicable,0,0,verified,2026-08-27T19:29:59.373Z
osm-la-brasa-latin-cuisine-95040964,La Brasa Latin Cuisine,codex_verified,25,verified,accurately_unavailable,not_applicable,0,0,verified,2026-08-27T19:29:59.373Z
osm-la-brasita-10119939334,La Brasita,codex_verified,9,verified,accurately_unavailable,not_applicable,0,0,verified,2026-08-27T19:29:59.373Z
replacement-la-canela-rockville-md,La Canela,codex_verified,47,verified,accurately_unavailable,not_applicable,0,0,verified,2026-08-27T19:29:59.373Z
la-casina-capitol-hill-dc,La Casina DC,codex_verified,44,verified,accurately_unavailable,not_applicable,0,0,verified,2026-08-27T19:29:59.373Z
la-casita-pupusas-dc,La Casita Pupusas,codex_verified,211,verified,accurately_unavailable,not_applicable,0,0,verified,2026-08-27T19:29:59.373Z
la-casita-gaithersburg-dc-metro,La Casita Pupuseria Gaithersburg,codex_verified,149,verified,accurately_unavailable,not_applicable,0,0,verified,2026-08-27T19:29:59.373Z
la-chaumiere-dc,La Chaumiere,codex_verified,46,verified,accurately_unavailable,not_applicable,0,0,verified,2026-08-27T19:29:59.373Z
replacement-la-famosa-washington-dc,La Famosa,codex_verified,53,verified,accurately_unavailable,not_applicable,0,0,verified,2026-08-27T19:29:59.373Z
replacement-la-fiamma-italian-kitchen-alexandria-va,La Fiamma Italian Kitchen,codex_verified,173,verified,accurately_unavailable,not_applicable,0,0,verified,2026-08-27T19:29:59.373Z
replacement-la-gelatteria-kensington-md,La Gelatteria,codex_verified,34,verified,accurately_unavailable,not_applicable,0,0,verified,2026-08-27T19:29:59.373Z
la-grande-boucherie-dc-washington-dc-dc-metro,La Grande Boucherie DC,codex_verified,91,verified,accurately_unavailable,not_applicable,0,0,verified,2026-08-27T19:29:59.373Z
la-limena-grill-rockville-md-dc-metro,La Limeña Grill,codex_verified,76,verified,accurately_unavailable,not_applicable,0,0,verified,2026-08-27T19:29:59.373Z
la-madeleine,la Madeleine,codex_verified,234,verified,verified,verified,0,0,verified,2026-08-27T19:29:59.373Z
osm-la-ong-thai-3367109720,La Ong Thai,codex_verified,43,verified,accurately_unavailable,not_applicable,0,0,verified,2026-08-12T13:09:33.772Z
osm-la-palapa-too-1351751210,La Palapa Too,codex_verified,163,verified,accurately_unavailable,not_applicable,0,0,verified,2026-08-27T19:29:59.373Z
replacement-la-panetteria-restaurant-bethesda-md,La Panetteria Restaurant,codex_verified,23,verified,accurately_unavailable,not_applicable,0,0,verified,2026-08-27T19:29:59.373Z
replacement-la-piquette-washington-dc,La Piquette,codex_verified,35,verified,accurately_unavailable,not_applicable,0,0,verified,2026-08-27T19:29:59.373Z
replacement-la-prensa-tacos-and-tapas-sterling-va,La Prensa Tacos & Tapas,codex_verified,201,verified,accurately_unavailable,not_applicable,0,0,verified,2026-08-27T19:29:59.373Z
la-tejana-dc,La Tejana,codex_verified,16,verified,accurately_unavailable,not_applicable,0,0,verified,2026-08-27T19:29:59.373Z
replacement-la-tomate-washington-dc,La Tomate,codex_verified,96,verified,accurately_unavailable,not_applicable,0,0,verified,2026-08-27T19:29:59.373Z
osm-la-union-restaraunt-262949474,La Union Restaraunt,codex_verified,87,verified,accurately_unavailable,not_applicable,0,0,verified,2026-08-27T19:29:59.373Z
la-vie-washington-dc-dc-metro,La Vie,codex_verified,40,verified,accurately_unavailable,not_applicable,0,0,verified,2026-08-27T19:29:59.373Z
osm-lake-ridge-pizzaria-5550599615,Lake Ridge Pizzaria,codex_verified,156,verified,accurately_unavailable,not_applicable,0,0,verified,2026-08-27T19:29:59.373Z
osm-lamoon-thai-13607444769,Lamoon Thai,codex_verified,119,verified,accurately_unavailable,not_applicable,0,0,verified,2026-08-27T19:29:59.373Z
landini-brothers-restaurant-alexandria-va-dc-metro,Landini Brothers Restaurant,codex_verified,91,verified,accurately_unavailable,not_applicable,0,0,verified,2026-08-27T19:29:59.373Z
laos-in-town-dc,Laos in Town,codex_verified,93,verified,accurately_unavailable,not_applicable,0,0,verified,2026-08-27T19:29:59.373Z
lapis-dc,Lapis,codex_verified,60,verified,accurately_unavailable,not_applicable,0,0,verified,2026-08-27T19:29:59.373Z
replacement-laporta-s-restaurant-alexandria-va,Laporta's Restaurant,codex_verified,83,verified,accurately_unavailable,not_applicable,0,0,verified,2026-08-27T19:29:59.373Z
lauriol-plaza-washington-dc-dc-metro,Lauriol Plaza,codex_verified,157,verified,accurately_unavailable,not_applicable,0,0,verified,2026-08-27T19:29:59.373Z
osm-layla-s-lebanese-5550599614,Layla's Lebanese Restaurant,codex_verified,23,verified,accurately_unavailable,not_applicable,0,0,verified,2026-08-27T19:29:59.373Z
replacement-lazizi-halal-cuisine-washington-dc,Lazizi Halal Cuisine,codex_verified,62,verified,accurately_unavailable,not_applicable,0,0,verified,2026-08-27T19:29:59.373Z
lazy-mike-s-delicatessen-falls-church-va-dc-metro,Lazy Mike’s Delicatessen,codex_verified,112,verified,accurately_unavailable,not_applicable,0,0,verified,2026-08-27T19:29:59.373Z
le-botaniste-dc,Le Botaniste,codex_verified,24,verified,accurately_unavailable,not_applicable,0,0,verified,2026-08-27T19:29:59.373Z
le-diplomate-dc,Le Diplomate,codex_verified,71,verified,accurately_unavailable,not_applicable,0,0,verified,2026-08-27T19:29:59.373Z
replacement-le-pain-quotidien-fairfax-va,Le Pain Quotidien,codex_verified,190,verified,accurately_unavailable,not_applicable,0,0,verified,2026-08-27T19:29:59.373Z
replacement-le-refuge-alexandria-va,Le Refuge,codex_verified,20,verified,accurately_unavailable,not_applicable,0,0,verified,2026-08-27T19:29:59.373Z
replacement-le-thai-cuisine-lorton-va,Le Thai Cuisine,codex_verified,89,verified,accurately_unavailable,not_applicable,0,0,verified,2026-08-27T19:29:59.373Z
lebanese-taverna-dc,Lebanese Taverna,codex_verified,131,verified,accurately_unavailable,not_applicable,0,0,verified,2026-08-27T19:29:59.373Z
lebanese-taverna-silver-spring-dc-metro,Lebanese Taverna Silver Spring,codex_verified,48,verified,accurately_unavailable,not_applicable,0,0,verified,2026-08-27T19:29:59.373Z
chain-ledo-pizza,Ledo Pizza,codex_verified,142,verified,accurately_unavailable,not_applicable,0,0,verified,2026-08-27T19:29:59.373Z
ledo-pizza-dc,Ledo Pizza DC,codex_verified,138,verified,accurately_unavailable,not_applicable,0,0,verified,2026-08-27T19:29:59.373Z
lees-sandwiches-falls-church-va,Lee's Sandwiches Falls Church,codex_verified,8,verified,verified,not_applicable,0,0,verified,2026-08-12T13:10:51.229Z
replacement-letena-ethiopian-restaurant-washington-dc,Letena Ethiopian Restaurant,codex_verified,53,verified,accurately_unavailable,not_applicable,0,0,verified,2026-08-27T19:29:59.373Z
levain-bakery-georgetown-dc,Levain Bakery Georgetown,codex_verified,10,verified,accurately_unavailable,not_applicable,0,0,verified,2026-08-27T19:29:59.373Z
replacement-lia-s-chevy-chase-md,Lia's,codex_verified,105,verified,accurately_unavailable,not_applicable,0,0,verified,2026-08-27T19:29:59.373Z
lighthouse-tofu-annandale-va-dc-metro,Lighthouse Tofu,codex_verified,10,verified,accurately_unavailable,not_applicable,0,0,verified,2026-08-27T19:29:59.373Z
replacement-lillies-italian-restaurant-and-bar-washington-dc,LiLLiES Italian Restaurant & Bar,codex_verified,85,verified,accurately_unavailable,not_applicable,0,0,verified,2026-08-27T19:29:59.373Z
replacement-limani-washington-dc,Limani,codex_verified,40,verified,accurately_unavailable,not_applicable,0,0,verified,2026-08-27T19:29:59.373Z
little-beast-dc,Little Beast Cafe & Bistro,codex_verified,42,verified,accurately_unavailable,not_applicable,0,0,verified,2026-08-27T19:29:59.373Z
little-blackbird-dc,Little Blackbird,codex_verified,29,verified,accurately_unavailable,not_applicable,0,0,verified,2026-08-27T19:29:59.373Z
little-caesars,Little Caesars,codex_verified,14,verified,verified,verified,0,0,verified,2026-08-24T14:28:44.110Z
little-cocos-dc,Little Coco's,codex_verified,39,verified,accurately_unavailable,not_applicable,0,0,verified,2026-08-27T19:29:59.373Z
little-engine-dc,Little Engine,codex_verified,30,verified,accurately_unavailable,not_applicable,0,0,verified,2026-08-27T19:29:59.373Z
little-hot-chicken-dc,Little Hot Chicken,codex_verified,11,verified,verified,not_applicable,0,0,verified,2026-08-27T19:29:59.373Z
little-pearl-dc,Little Pearl,codex_verified,7,verified,accurately_unavailable,not_applicable,0,0,verified,2026-08-27T19:29:59.373Z
little-sesame-dc,Little Sesame,codex_verified,27,verified,accurately_unavailable,not_applicable,0,0,verified,2026-08-27T19:29:59.373Z
llamabar-navy-yard-dc,Llamabar Navy Yard,codex_verified,42,verified,accurately_unavailable,not_applicable,0,0,verified,2026-08-27T19:29:59.373Z
replacement-local-provisions-sterling-va,Local Provisions,codex_verified,72,verified,accurately_unavailable,not_applicable,0,0,verified,2026-08-27T19:29:59.373Z
osm-london-curry-house-1351751076,London Curry House,codex_verified,146,verified,accurately_unavailable,not_applicable,0,0,verified,2026-08-27T19:29:59.373Z
longhorn-steakhouse,LongHorn Steakhouse,codex_verified,91,verified,verified,not_applicable,0,0,verified,2026-08-12T12:32:03.282Z
looney-s-pub-college-park-md-dc-metro,Looney's Pub,codex_verified,48,verified,accurately_unavailable,not_applicable,0,0,verified,2026-08-27T19:29:59.373Z
los-hermanos-dominican-restaurant-and-catering-washington-dc-dc-metro,Los Hermanos Dominican Restaurant & Catering,codex_verified,14,verified,accurately_unavailable,not_applicable,0,0,verified,2026-08-27T19:29:59.373Z
osm-los-toltecos-1135858550,Los Toltecos,codex_verified,110,verified,accurately_unavailable,not_applicable,0,0,verified,2026-08-27T19:29:59.373Z
los-toltecos-of-sterling-sterling-va-dc-metro,Los Toltecos of Sterling,codex_verified,113,verified,accurately_unavailable,not_applicable,0,0,verified,2026-08-27T19:29:59.373Z
lost-dog-cafe-dunn-loring-fairfax-va-dc-metro,Lost Dog Cafe - Dunn Loring,codex_verified,271,verified,accurately_unavailable,not_applicable,0,0,verified,2026-08-27T19:29:59.373Z
love-makoto-dc,Love Makoto,codex_verified,86,verified,accurately_unavailable,not_applicable,0,0,verified,2026-08-27T19:29:59.373Z
luchador-la-cosecha-dc,Luchador Bar & Eats at La Cosecha,codex_verified,111,verified,accurately_unavailable,not_applicable,0,0,verified,2026-08-12T12:44:32.688Z
lucky-buns-dc,Lucky Buns,codex_verified,15,verified,accurately_unavailable,not_applicable,0,0,verified,2026-08-27T19:29:59.373Z
lucky-danger-dc,Lucky Danger,codex_verified,56,verified,accurately_unavailable,not_applicable,0,0,verified,2026-08-27T19:29:59.373Z
replacement-lucy-bar-washington-dc,Lucy Bar,codex_verified,72,verified,accurately_unavailable,not_applicable,0,0,verified,2026-08-27T19:29:59.373Z
luke-s-lobster-penn-quarter-washington-dc-dc-metro,Luke's Lobster Penn Quarter,codex_verified,78,verified,accurately_unavailable,not_applicable,0,0,verified,2026-08-27T19:29:59.373Z
replacement-lulu-s-wine-garden-washington-dc,Lulu’s Wine Garden,codex_verified,35,verified,accurately_unavailable,not_applicable,0,0,verified,2026-08-27T19:29:59.373Z
lupo-marino-dc,Lupo Marino,codex_verified,80,verified,accurately_unavailable,not_applicable,0,0,verified,2026-08-27T19:29:59.373Z
lupo-pizzeria-dc,Lupo Pizzeria,codex_verified,52,verified,accurately_unavailable,not_applicable,0,0,verified,2026-08-27T19:29:59.373Z
lupo-verde-osteria-dc,Lupo Verde Osteria,codex_verified,76,verified,accurately_unavailable,not_applicable,0,0,verified,2026-08-27T19:29:59.373Z
lutece-dc,Lutece,codex_verified,30,verified,accurately_unavailable,not_applicable,0,0,verified,2026-08-27T19:29:59.373Z
luzmary-bolivian-falls-church-va,Luzmary's Bolivian Restaurant,codex_verified,5,verified,accurately_unavailable,not_applicable,0,0,verified,2026-08-27T19:29:59.373Z
lydia-on-h-dc,Lydia on H,codex_verified,18,verified,accurately_unavailable,not_applicable,0,0,verified,2026-08-27T19:29:59.373Z
replacement-lydia-on-h-washington-dc,LYDIA ON H,codex_verified,19,verified,accurately_unavailable,not_applicable,0,0,verified,2026-08-27T19:29:59.373Z
replacement-lyle-s-washington-dc,Lyle's,codex_verified,20,verified,accurately_unavailable,not_applicable,0,0,verified,2026-08-27T19:29:59.373Z
lyon-hall-washington-dc-dc-metro,Lyon Hall,codex_verified,145,verified,accurately_unavailable,not_applicable,0,0,verified,2026-08-27T19:29:59.373Z
mandns-pizza-bethesda-md,M&N's Pizza,codex_verified,133,verified,accurately_unavailable,not_applicable,0,0,verified,2026-08-27T19:29:59.373Z
madhatter-dc,Madhatter,codex_verified,53,verified,accurately_unavailable,not_applicable,0,0,verified,2026-08-27T19:29:59.373Z
madigan-s-waterfront-washington-dc-dc-metro,Madigan's Waterfront,codex_verified,37,verified,accurately_unavailable,not_applicable,0,0,verified,2026-08-27T19:29:59.373Z
maggiano-s-little-italy-springfield-va-dc-metro,Maggiano's Little Italy,codex_verified,235,verified,verified,not_applicable,0,0,verified,2026-08-12T12:57:26.947Z
maggie-mcfly-s-springfield-springfield-va-dc-metro,Maggie McFly's | Springfield,codex_verified,153,verified,accurately_unavailable,not_applicable,0,0,verified,2026-08-27T19:29:59.373Z
magnolia-dessert-bar-and-coffee-vienna-va-dc-metro,Magnolia Dessert Bar & Coffee,codex_verified,80,verified,accurately_unavailable,not_applicable,0,0,verified,2026-08-27T19:29:59.373Z
maharani-palace-fine-indian-cuisine-and-bar-herndon-va-dc-metro,Maharani Palace Fine Indian Cuisine & Bar,codex_verified,216,verified,accurately_unavailable,not_applicable,0,0,verified,2026-08-27T19:29:59.373Z
main-street-bagel-deli-fairfax-va,Main Street Bagel Deli,codex_verified,92,verified,accurately_unavailable,not_applicable,0,0,verified,2026-08-27T19:29:59.373Z
maison-bar-a-vins-dc,Maison Bar a Vins,codex_verified,18,verified,accurately_unavailable,not_applicable,0,0,verified,2026-08-27T19:29:59.373Z
maison-cheryl-arlington-va,Maison Cheryl,codex_verified,45,verified,accurately_unavailable,not_applicable,0,0,verified,2026-08-27T19:29:59.373Z
maiz64-dc,Maiz64,codex_verified,0,verified,accurately_unavailable,not_applicable,0,0,verified,2026-08-12T12:32:54.242Z
makers-union-arlington-va-dc-metro,Makers Union,codex_verified,74,verified,accurately_unavailable,not_applicable,0,0,verified,2026-08-27T19:29:59.373Z
makers-union-reston-va,Makers Union Reston,codex_verified,45,verified,accurately_unavailable,not_applicable,0,0,verified,2026-08-27T19:29:59.373Z
maketto-dc,Maketto,codex_verified,27,verified,accurately_unavailable,not_applicable,0,0,verified,2026-08-27T19:29:59.373Z
mala-tang-arlington-va,Mala Tang,codex_verified,163,verified,accurately_unavailable,not_applicable,0,0,verified,2026-08-27T19:29:59.373Z
replacement-mallard-washington-dc,Mallard,codex_verified,25,verified,accurately_unavailable,not_applicable,0,0,verified,2026-08-27T19:29:59.373Z
replacement-mama-chang-fairfax-va,Mama Chang,codex_verified,165,verified,accurately_unavailable,not_applicable,0,0,verified,2026-08-27T19:29:59.373Z
mama-chepa-dc,Mama Chepa Cocina Latina,codex_verified,58,verified,accurately_unavailable,not_applicable,0,0,verified,2026-08-27T19:29:59.373Z
mama-tigre-oakton-va,Mama Tigre,codex_verified,174,verified,accurately_unavailable,not_applicable,0,0,verified,2026-08-27T19:29:59.373Z
maman-washington-dc-dc-metro,maman,codex_verified,118,verified,accurately_unavailable,not_applicable,0,0,verified,2026-08-27T19:29:59.373Z
maman-georgetown-dc,Maman Georgetown,codex_verified,127,verified,accurately_unavailable,not_applicable,0,0,verified,2026-08-27T19:29:59.373Z
chain-mamma-lucia,Mamma Lucia,codex_verified,344,verified,accurately_unavailable,not_applicable,0,0,verified,2026-08-27T19:29:59.373Z
mamma-lucia-fallsgrove-dc-metro,Mamma Lucia Fallsgrove,codex_verified,229,verified,accurately_unavailable,not_applicable,0,0,verified,2026-08-27T19:29:59.373Z
replacement-mandalay-restaurant-and-cafe-silver-spring-md,Mandalay Restaurant & Cafe,codex_verified,115,verified,accurately_unavailable,not_applicable,0,0,verified,2026-08-27T19:29:59.373Z
mandalay-silver-spring-md,Mandalay Restaurant Cafe,codex_verified,198,verified,accurately_unavailable,not_applicable,0,0,verified,2026-08-27T19:29:59.373Z
mandu-dc,Mandu,codex_verified,46,verified,accurately_unavailable,not_applicable,0,0,verified,2026-08-27T19:29:59.373Z
manny-and-olgas-dc,Manny & Olga's Pizza,codex_verified,110,verified,accurately_unavailable,not_applicable,0,0,verified,2026-08-27T19:29:59.373Z
maple-ave-restaurant-vienna-va,Maple Ave Restaurant,codex_verified,16,verified,accurately_unavailable,not_applicable,0,0,verified,2026-08-27T19:29:59.373Z
marafuji-japanese-market-tysons-va,Marafuji Japanese Market,codex_verified,35,verified,accurately_unavailable,not_applicable,0,0,verified,2026-08-27T19:29:59.373Z
marcels-dc,Marcel's by Robert Wiedmaier,codex_verified,0,verified,accurately_unavailable,not_applicable,0,0,verified,2026-08-12T12:32:51.287Z
marib-restaurant-springfield-va-dc-metro,Marib Restaurant,codex_verified,115,verified,accurately_unavailable,not_applicable,0,0,verified,2026-08-27T19:29:59.373Z
replacement-marley-s-bar-and-grill-hyattsville-md,Marley's Bar & Grill,codex_verified,81,verified,accurately_unavailable,not_applicable,0,0,verified,2026-08-27T19:29:59.373Z
replacement-martha-dear-washington-dc,Martha Dear,codex_verified,41,verified,accurately_unavailable,not_applicable,0,0,verified,2026-08-27T19:29:59.373Z
martins-tavern-dc,Martin's Tavern,codex_verified,111,verified,accurately_unavailable,not_applicable,0,0,verified,2026-08-27T19:29:59.373Z
maru-san-dc,Maru San,codex_verified,11,verified,accurately_unavailable,not_applicable,0,0,verified,2026-08-27T19:29:59.373Z
marufuji-japanese-market-tysons-va,Marufuji Japanese Market,codex_verified,35,verified,accurately_unavailable,not_applicable,0,0,verified,2026-08-27T19:29:59.373Z
marumen-fairfax-va-dc-metro,Marumen,codex_verified,46,verified,accurately_unavailable,not_applicable,0,0,verified,2026-08-27T19:29:59.373Z
marvs-dogs-dc,Marv's Dogs,codex_verified,5,verified,accurately_unavailable,not_applicable,0,0,verified,2026-08-27T19:29:59.373Z
replacement-marx-cafe-revolutionary-cuisine-washington-dc,Marx Cafe Revolutionary Cuisine,codex_verified,52,verified,accurately_unavailable,not_applicable,0,0,verified,2026-08-27T19:29:59.373Z
replacement-masala-art-washington-dc,Masala Art,codex_verified,168,verified,accurately_unavailable,not_applicable,0,0,verified,2026-08-27T19:29:59.373Z
replacement-mason-social-alexandria-va,Mason Social,codex_verified,69,verified,accurately_unavailable,not_applicable,0,0,verified,2026-08-27T19:29:59.373Z
masseria-dc,Masseria,codex_verified,11,verified,accurately_unavailable,not_applicable,0,0,verified,2026-08-27T19:29:59.373Z
mastros-steakhouse-dc,Mastro's Steakhouse DC,codex_verified,83,verified,accurately_unavailable,not_applicable,0,0,verified,2026-08-27T19:29:59.373Z
chain-matchbox,Matchbox,codex_verified,93,verified,accurately_unavailable,not_applicable,0,0,verified,2026-08-27T19:29:59.373Z
matchbox-capitol-hill-dc,Matchbox Capitol Hill,codex_verified,97,verified,accurately_unavailable,not_applicable,0,0,verified,2026-08-27T19:29:59.373Z
matchbox-penn-quarter-dc,Matchbox Penn Quarter,codex_verified,83,verified,accurately_unavailable,not_applicable,0,0,verified,2026-08-27T19:29:59.373Z
matisse-dc,Matisse,codex_verified,20,verified,accurately_unavailable,not_applicable,0,0,verified,2026-08-27T19:29:59.373Z
replacement-matsu-centreville-va,Matsu,codex_verified,77,verified,accurately_unavailable,not_applicable,0,0,verified,2026-08-27T19:29:59.373Z
osm-matsutake-sushi-2793770703,Matsutake Sushi,codex_verified,188,verified,accurately_unavailable,not_applicable,0,0,verified,2026-08-27T19:29:59.373Z
matt-and-tony-s-all-day-kitchen-bar-alexandria-va-dc-metro,Matt & Tony's All Day Kitchen + Bar,codex_verified,67,verified,accurately_unavailable,not_applicable,0,0,verified,2026-08-27T19:29:59.373Z
maydan-dc,Maydan,codex_verified,86,verified,accurately_unavailable,not_applicable,0,0,verified,2026-08-27T19:29:59.373Z
mazi-dc,Mazi,codex_verified,32,verified,accurately_unavailable,not_applicable,0,0,verified,2026-08-27T19:29:59.373Z
mcalisters-deli,McAlister's Deli,codex_verified,74,verified,verified,verified,0,0,verified,2026-08-27T19:29:33.825Z
osm-mccormick-schmick-s-3819749757,McCormick & Schmick's,codex_verified,163,verified,accurately_unavailable,not_applicable,0,0,verified,2026-08-27T19:29:59.373Z
mcdonalds,McDonald's,codex_verified,100,verified,verified,not_applicable,0,0,verified,2026-08-27T17:21:14.000Z
replacement-mcginty-s-public-house-silver-spring-md,McGinty's Public House,codex_verified,11,verified,accurately_unavailable,not_applicable,0,0,verified,2026-08-27T19:29:59.373Z
replacement-mclean-family-restaurant-mclean-va,McLean Family Restaurant,codex_verified,96,verified,accurately_unavailable,not_applicable,0,0,verified,2026-08-27T19:29:59.373Z
replacement-mecha-noodle-bar-washington-dc,Mecha Noodle Bar,codex_verified,104,verified,accurately_unavailable,not_applicable,0,0,verified,2026-08-27T19:29:59.373Z
medina-dc,Medina,codex_verified,26,verified,accurately_unavailable,not_applicable,0,0,verified,2026-08-27T19:29:59.373Z
medium-rare-arlington-va-dc-metro,Medium Rare,codex_verified,4,verified,accurately_unavailable,not_applicable,0,0,verified,2026-08-27T19:29:59.373Z
mejana-arlington-va,Mejana,codex_verified,78,verified,accurately_unavailable,not_applicable,0,0,verified,2026-08-27T19:29:59.373Z
melange-dc,Mélange,codex_verified,26,verified,accurately_unavailable,not_applicable,0,0,verified,2026-08-27T19:29:59.373Z
melina-north-bethesda-md,Melina,codex_verified,59,verified,accurately_unavailable,not_applicable,0,0,verified,2026-08-27T19:29:59.373Z
replacement-melina-north-bethesda-md,Melina,codex_verified,59,verified,accurately_unavailable,not_applicable,0,0,verified,2026-08-27T19:29:59.373Z
mendocino-farms-dc,Mendocino Farms,codex_verified,112,verified,verified,not_applicable,0,0,verified,2026-08-27T19:29:59.373Z
menomale-dc,Menomale,codex_verified,131,verified,accurately_unavailable,not_applicable,0,0,verified,2026-08-27T19:29:59.373Z
menya-hosaki-dc,Menya Hosaki,codex_verified,2,verified,accurately_unavailable,not_applicable,0,0,verified,2026-08-27T19:29:59.373Z
meokja-meokja-fairfax-va,Meokja Meokja,codex_verified,29,verified,accurately_unavailable,not_applicable,0,0,verified,2026-08-27T19:29:59.373Z
mercy-me-washington-dc-dc-metro,Mercy Me,codex_verified,24,verified,accurately_unavailable,not_applicable,0,0,verified,2026-08-27T19:29:59.373Z
metier-dc,Metier,codex_verified,0,verified,accurately_unavailable,not_applicable,0,0,verified,2026-08-12T12:32:45.750Z
replacement-metro-spice-washington-dc,Metro Spice,codex_verified,40,verified,accurately_unavailable,not_applicable,0,0,verified,2026-08-27T19:29:59.373Z
mezcal-cantina-dc,Mezcal Cantina,codex_verified,105,verified,accurately_unavailable,not_applicable,0,0,verified,2026-08-27T19:29:59.373Z
mezcalero-dc,Mezcalero,codex_verified,79,verified,accurately_unavailable,not_applicable,0,0,verified,2026-08-27T19:29:59.373Z
replacement-meze-restaurant-washington-dc,Mezè Restaurant,codex_verified,39,verified,accurately_unavailable,not_applicable,0,0,verified,2026-08-27T19:29:59.373Z
mezeh-dc,Mezeh Mediterranean Grill,codex_verified,74,verified,verified,not_applicable,0,0,verified,2026-08-27T19:29:59.373Z
replacement-mgm-roast-beef-washington-dc,MGM Roast Beef,codex_verified,102,verified,accurately_unavailable,not_applicable,0,0,verified,2026-08-27T19:29:59.373Z
mi-la-cay-wheaton-md-dc-metro,Mi La Cay,codex_verified,36,verified,accurately_unavailable,not_applicable,0,0,verified,2026-08-27T19:29:59.373Z
mi-rancho-silver-spring-md-dc-metro,Mi Rancho,codex_verified,17,verified,accurately_unavailable,not_applicable,0,0,verified,2026-08-27T19:29:59.373Z
mi-vida-washington-dc-dc-metro,MI VIDA,codex_verified,144,verified,accurately_unavailable,not_applicable,0,0,verified,2026-08-27T19:29:59.373Z
mi-vida-wharf-dc,Mi Vida District Wharf,codex_verified,53,verified,accurately_unavailable,not_applicable,0,0,verified,2026-08-27T19:29:59.373Z
mia-s-italian-kitchen-alexandria-va-dc-metro,Mia's Italian Kitchen,codex_verified,119,verified,accurately_unavailable,not_applicable,0,0,verified,2026-08-27T19:29:59.373Z
mid-atlantic-seafood-hyattsville-dc-metro,Mid Atlantic Seafood Hyattsville,codex_verified,164,verified,accurately_unavailable,not_applicable,0,0,verified,2026-08-27T19:29:59.373Z
replacement-mika-s-neapolitan-pizza-sterling-va,Mika’s Neapolitan Pizza,codex_verified,206,verified,accurately_unavailable,not_applicable,0,0,verified,2026-08-27T19:29:59.373Z
mike-s-american-springfield-va-dc-metro,Mike's American,codex_verified,94,verified,accurately_unavailable,not_applicable,0,0,verified,2026-08-27T19:29:59.373Z
mikey-and-mels-deli-dc,Mikey & Mel's Deli DC,codex_verified,82,verified,accurately_unavailable,not_applicable,0,0,verified,2026-08-27T19:29:59.373Z
mikko-dc,Mikko,codex_verified,53,verified,accurately_unavailable,not_applicable,0,0,verified,2026-08-27T19:29:59.373Z
replacement-milano-s-family-restaurant-springfield-va,Milano's Family Restaurant,codex_verified,52,verified,accurately_unavailable,not_applicable,0,0,verified,2026-08-27T19:29:59.373Z
milk-and-honey-h-street-dc,Milk & Honey H Street,codex_verified,96,verified,accurately_unavailable,not_applicable,0,0,verified,2026-08-27T19:29:59.373Z
milk-and-honey-silver-spring-dc-metro,Milk & Honey Silver Spring,codex_verified,67,verified,accurately_unavailable,not_applicable,0,0,verified,2026-08-27T19:29:59.373Z
milk-and-honey-southern-inspired-kitchen-college-park-md-dc-metro,Milk & Honey Southern Inspired Kitchen,codex_verified,78,verified,accurately_unavailable,not_applicable,0,0,verified,2026-08-27T19:29:59.373Z
milk-bar-dc,Milk Bar,codex_verified,33,verified,accurately_unavailable,not_applicable,0,0,verified,2026-08-27T19:29:59.373Z
millies-dc,Millie's DC,codex_verified,66,verified,verified,not_applicable,0,0,verified,2026-08-27T19:29:59.373Z
minibar-dc,minibar by Jose Andres,codex_verified,0,verified,accurately_unavailable,not_applicable,0,0,verified,2026-08-27T19:29:59.373Z
mirch-dhamaka-indian-fine-dine-cafe-and-bar-herndon-va-dc-metro,"Mirch Dhamaka - Indian Fine Dine, Cafe & Bar",codex_verified,292,verified,accurately_unavailable,not_applicable,0,0,verified,2026-08-27T19:29:59.373Z
miss-toya-s-creole-house-silver-spring-md-dc-metro,Miss Toya’s Creole House,codex_verified,226,verified,accurately_unavailable,not_applicable,0,0,verified,2026-08-27T19:29:59.373Z
mission-navy-yard-washington-dc-dc-metro,Mission - Navy Yard,codex_verified,63,verified,accurately_unavailable,not_applicable,0,0,verified,2026-08-27T19:29:59.373Z
mission-bbq,MISSION BBQ,codex_verified,71,verified,verified,not_applicable,0,0,verified,2026-08-27T19:29:59.373Z
mission-dupont-dc,Mission Dupont,codex_verified,47,verified,accurately_unavailable,not_applicable,0,0,verified,2026-08-27T19:29:59.373Z
mita-dc,MITA,codex_verified,0,verified,accurately_unavailable,not_applicable,0,0,verified,2026-08-27T19:29:59.373Z
mitsitam-native-foods-cafe-dc,Mitsitam Native Foods Cafe,codex_verified,23,verified,accurately_unavailable,not_applicable,0,0,verified,2026-08-27T19:29:59.373Z
moby-dick-dc,Moby Dick House of Kabob,codex_verified,224,verified,verified,not_applicable,0,0,verified,2026-08-27T19:29:59.373Z
mod-pizza,MOD Pizza,codex_verified,164,verified,verified,not_applicable,0,0,verified,2026-08-27T19:29:59.373Z
modan-tysons-va,Modan,codex_verified,73,verified,accurately_unavailable,not_applicable,0,0,verified,2026-08-27T19:29:59.373Z
moes-southwest-grill,Moe's Southwest Grill,codex_verified,37,verified,verified,not_applicable,0,0,verified,2026-08-27T19:29:59.373Z
mon-ami-gabi-bethesda-md-dc-metro,Mon Ami Gabi,codex_verified,74,verified,accurately_unavailable,not_applicable,0,0,verified,2026-08-27T19:29:59.373Z
moon-rabbit-dc,Moon Rabbit,codex_verified,23,verified,accurately_unavailable,not_applicable,0,0,verified,2026-08-27T19:29:59.373Z
morton-s-the-steakhouse-reston-va-dc-metro,Morton's The Steakhouse,codex_verified,47,verified,accurately_unavailable,not_applicable,0,0,verified,2026-08-27T19:29:59.373Z
mosaic-cuisine-rockville-md-dc-metro,Mosaic Cuisine,codex_verified,51,verified,accurately_unavailable,not_applicable,0,0,verified,2026-08-27T19:29:59.373Z
motorkat-takoma-park-md,Motorkat,codex_verified,47,verified,accurately_unavailable,not_applicable,0,0,verified,2026-08-27T19:29:59.373Z
replacement-moxies-washington-dc-restaurant-washington-dc,Moxies Washington DC Restaurant,codex_verified,153,verified,verified,not_applicable,0,0,verified,2026-08-27T19:29:59.373Z
mqr-cafe-vienna-dc-metro,MQR Cafe Vienna,codex_verified,86,verified,accurately_unavailable,not_applicable,0,0,verified,2026-08-27T19:29:59.373Z
mr-henry-s-restaurant-washington-dc-dc-metro,Mr. Henry's Restaurant,codex_verified,10,verified,accurately_unavailable,not_applicable,0,0,verified,2026-08-12T13:01:16.914Z
muncheez-dc,Muncheez,codex_verified,56,verified,accurately_unavailable,not_applicable,0,0,verified,2026-08-27T19:29:59.373Z
mussel-bar-grille-bethesda-md,Mussel Bar & Grille Bethesda,codex_verified,48,verified,accurately_unavailable,not_applicable,0,0,verified,2026-08-27T19:29:59.373Z
mxdc-dc,MXDC Cocina Mexicana,codex_verified,55,verified,accurately_unavailable,not_applicable,0,0,verified,2026-08-27T19:29:59.373Z
my-little-chamomile-dc,My Little Chamomile,codex_verified,38,verified,accurately_unavailable,not_applicable,0,0,verified,2026-08-27T19:29:59.373Z
replacement-myhome-thai-belmontchase-ashburn-va,MyHome Thai Belmontchase,codex_verified,148,verified,accurately_unavailable,not_applicable,0,0,verified,2026-08-27T19:29:59.373Z
naja-mediterranean-mosaic-fairfax-va,NAJA Mediterranean,codex_verified,97,verified,accurately_unavailable,not_applicable,0,0,verified,2026-08-27T19:29:59.373Z
nam-viet-arlington-va,Nam-Viet Restaurant,codex_verified,36,verified,accurately_unavailable,not_applicable,0,0,verified,2026-08-27T19:29:59.373Z
namak-dc,Namak,codex_verified,41,verified,accurately_unavailable,not_applicable,0,0,verified,2026-08-27T19:29:59.373Z
namak-mandi-dc,Namak Mandi,codex_verified,21,verified,accurately_unavailable,not_applicable,0,0,verified,2026-08-27T19:29:59.373Z
nandos-dc,Nando's PERi-PERi,codex_verified,221,verified,verified,not_applicable,0,0,verified,2026-08-27T19:29:59.373Z
nasime-alexandria-va,Nasime,codex_verified,15,verified,accurately_unavailable,not_applicable,0,0,verified,2026-08-27T19:29:59.373Z
osm-negril-jamaican-eatery-7836144909,Negril The Jamaican Eatery,codex_verified,46,verified,accurately_unavailable,not_applicable,0,0,verified,2026-08-27T19:29:59.373Z
replacement-neopol-savory-smokery-washington-dc,Neopol Savory Smokery,codex_verified,153,verified,accurately_unavailable,not_applicable,0,0,verified,2026-08-27T19:29:59.373Z
neutral-ground-mclean-va,Neutral Ground Bar + Kitchen,codex_verified,23,verified,accurately_unavailable,not_applicable,0,0,verified,2026-08-27T19:29:59.373Z
replacement-new-heights-restaurant-washington-dc,New Heights Restaurant,codex_verified,59,verified,accurately_unavailable,not_applicable,0,0,verified,2026-08-27T19:29:59.373Z
nicks-pizza-petworth-dc,Nick's Pizza Petworth,codex_verified,53,verified,accurately_unavailable,not_applicable,0,0,verified,2026-08-27T19:29:59.373Z
nina-may-dc,Nina May,codex_verified,20,verified,accurately_unavailable,not_applicable,0,0,verified,2026-08-27T19:29:59.373Z
no-goodbyes-dc,No Goodbyes,codex_verified,41,verified,accurately_unavailable,not_applicable,0,0,verified,2026-08-27T19:29:59.373Z
nobu-dc,Nobu DC,codex_verified,81,verified,accurately_unavailable,not_applicable,0,0,verified,2026-08-27T19:29:59.373Z
noma-pizza-dc,Noma Pizza,codex_verified,122,verified,accurately_unavailable,not_applicable,0,0,verified,2026-08-27T19:29:59.373Z
noodles-company,Noodles & Company,codex_verified,56,verified,verified,not_applicable,0,0,verified,2026-08-27T19:29:59.373Z
replacement-noosh-grill-fairfax-va,Noosh Grill,codex_verified,10,verified,accurately_unavailable,not_applicable,0,0,verified,2026-08-27T19:29:59.373Z
osm-north-italia-7185443038,North Italia,codex_verified,165,verified,verified,not_applicable,0,0,verified,2026-08-27T19:29:59.373Z
north-italia-reston-va,North Italia Reston,codex_verified,141,verified,accurately_unavailable,not_applicable,0,0,verified,2026-08-27T19:29:59.373Z
north-italia-tysons,North Italia Tysons,codex_verified,308,verified,accurately_unavailable,not_applicable,0,0,verified,2026-08-27T19:29:59.373Z
northside-social-va,Northside Social,codex_verified,226,verified,accurately_unavailable,not_applicable,0,0,verified,2026-08-27T19:29:59.373Z
nostos-tysons-va,Nostos,codex_verified,58,verified,accurately_unavailable,not_applicable,0,0,verified,2026-08-27T19:29:59.373Z
replacement-nostos-restaurant-vienna-va,Nostos Restaurant,codex_verified,63,verified,accurately_unavailable,not_applicable,0,0,verified,2026-08-27T19:29:59.373Z
osm-not-your-average-joe-s-4719278718,Not Your Average Joe's,codex_verified,15,verified,verified,not_applicable,0,0,verified,2026-08-27T19:29:59.373Z
not-your-average-joe-s-reston-reston-va-dc-metro,Not Your Average Joe's - Reston,codex_verified,167,verified,verified,not_applicable,0,0,verified,2026-08-27T19:29:59.373Z
replacement-nova-europa-restaurant-silver-spring-md,Nova Europa Restaurant,codex_verified,114,verified,accurately_unavailable,not_applicable,0,0,verified,2026-08-27T19:29:59.373Z
replacement-nue-elegantly-vietnamese-falls-church-va,NUE: Elegantly Vietnamese,codex_verified,67,verified,verified,not_applicable,0,0,verified,2026-08-27T19:29:59.373Z
o-ku-washington-dc-dc-metro,O-Ku,codex_verified,80,verified,accurately_unavailable,not_applicable,0,0,verified,2026-08-27T19:29:59.373Z
oasis-listening-bar-arlington-va,Oasis The Listening Bar,codex_verified,147,verified,accurately_unavailable,not_applicable,0,0,verified,2026-08-27T19:29:59.373Z
ocean-prime-dc,Ocean Prime,codex_verified,121,verified,accurately_unavailable,not_applicable,0,0,verified,2026-08-27T19:29:59.373Z
replacement-ocha-thai-kitchen-and-cafe-centreville-va,Ocha Thai Kitchen and Cafe,codex_verified,212,verified,accurately_unavailable,not_applicable,0,0,verified,2026-08-27T19:29:59.373Z
oegadgib-annandale-va-dc-metro,Oegadgib,codex_verified,22,verified,accurately_unavailable,not_applicable,0,0,verified,2026-08-27T19:29:59.373Z
officina-wharf-dc,Officina at The Wharf,codex_verified,97,verified,accurately_unavailable,not_applicable,0,0,verified,2026-08-27T19:29:59.373Z
oh-george-tables-and-taphouse-fairfax-va-dc-metro,Oh George! Tables and Taphouse,codex_verified,79,verified,accurately_unavailable,not_applicable,0,0,verified,2026-08-27T19:29:59.373Z
oishii-ramen-bethesda-md,Oishii Ramen Cafe,codex_verified,79,verified,accurately_unavailable,not_applicable,0,0,verified,2026-08-27T19:29:59.373Z
replacement-olazzo-bethesda-md,Olazzo,codex_verified,53,verified,accurately_unavailable,not_applicable,0,0,verified,2026-08-27T19:29:59.373Z
replacement-old-dominion-brewhouse-hyattsville-md,Old Dominion BrewHouse,codex_verified,23,verified,accurately_unavailable,not_applicable,0,0,verified,2026-08-27T19:29:59.373Z
old-ebbitt-grill-dc,Old Ebbitt Grill,codex_verified,144,verified,accurately_unavailable,not_applicable,0,0,verified,2026-08-27T19:29:59.373Z
old-house-cosmopolitan-alexandria-va-dc-metro,Old House Cosmopolitan,codex_verified,71,verified,accurately_unavailable,not_applicable,0,0,verified,2026-08-27T19:29:59.373Z
olio-e-piu-washington-dc-dc-metro,OLIO E PIÙ,codex_verified,120,verified,accurately_unavailable,not_applicable,0,0,verified,2026-08-27T19:29:59.373Z
olive-garden,Olive Garden,codex_verified,87,verified,verified,not_applicable,0,0,verified,2026-08-12T12:31:45.077Z
replacement-olive-lounge-takoma-park-md,Olive Lounge,codex_verified,94,verified,accurately_unavailable,not_applicable,0,0,verified,2026-08-27T19:29:59.373Z
olive-on-main-laurel-md-dc-metro,Olive On Main,codex_verified,74,verified,accurately_unavailable,not_applicable,0,0,verified,2026-08-27T19:29:59.373Z
omakase-at-barracks-row-dc,Omakase at Barracks Row,codex_verified,0,verified,accurately_unavailable,not_applicable,0,0,verified,2026-08-27T19:29:59.373Z
ometeo-tysons-va,Ometeo,codex_verified,110,verified,accurately_unavailable,not_applicable,0,0,verified,2026-08-27T19:29:59.373Z
replacement-one-bar-and-grill-fairfax-va,One Bar & Grill,codex_verified,129,verified,accurately_unavailable,not_applicable,0,0,verified,2026-08-27T19:29:59.373Z
oohh-s-and-aahh-s-washington-dc-dc-metro,Oohh's & Aahh's,codex_verified,191,verified,accurately_unavailable,not_applicable,0,0,verified,2026-08-27T19:29:59.373Z
replacement-opa-mezze-grill-ashburn-va,Opa! Mezze Grill,codex_verified,131,verified,accurately_unavailable,not_applicable,0,0,verified,2026-08-27T19:29:59.373Z
open-city-dc,Open City,codex_verified,193,verified,accurately_unavailable,not_applicable,0,0,verified,2026-08-27T19:29:59.373Z
replacement-open-crumb-washington-dc,Open Crumb,codex_verified,11,verified,accurately_unavailable,not_applicable,0,0,verified,2026-08-27T19:29:59.373Z
open-road-falls-church-va-dc-metro,Open Road,codex_verified,109,verified,accurately_unavailable,not_applicable,0,0,verified,2026-08-27T19:29:59.373Z
replacement-open-road-reston-reston-va,Open Road Reston,codex_verified,106,verified,accurately_unavailable,not_applicable,0,0,verified,2026-08-27T19:29:59.373Z
osteria-marzano-alexandria-va-dc-metro,Osteria Marzano,codex_verified,134,verified,accurately_unavailable,not_applicable,0,0,verified,2026-08-27T19:29:59.373Z
osteria-morini-washington-dc-dc-metro,Osteria Morini,codex_verified,55,verified,accurately_unavailable,not_applicable,0,0,verified,2026-08-27T19:29:59.373Z
osteria-mozza-dc,Osteria Mozza DC,codex_verified,88,verified,accurately_unavailable,not_applicable,0,0,verified,2026-08-27T19:29:59.373Z
replacement-other-half-brewing-washington-dc-washington-dc,Other Half Brewing Washington DC,codex_verified,51,verified,accurately_unavailable,not_applicable,0,0,verified,2026-08-27T19:29:59.373Z
ottoman-taverna-dc,Ottoman Taverna,codex_verified,57,verified,accurately_unavailable,not_applicable,0,0,verified,2026-08-27T19:29:59.373Z
osm-our-mom-eugenia-2578773395,our mom Eugenia,codex_verified,101,verified,accurately_unavailable,not_applicable,0,0,verified,2026-08-27T19:29:59.373Z
outback-steakhouse,Outback Steakhouse,codex_verified,237,verified,verified,not_applicable,0,0,verified,2026-08-12T12:32:06.381Z
ox-and-olive-dc,Ox & Olive,codex_verified,28,verified,accurately_unavailable,not_applicable,0,0,verified,2026-08-27T19:29:59.373Z
oyamel-dc,Oyamel Cocina Mexicana,codex_verified,95,verified,accurately_unavailable,not_applicable,0,0,verified,2026-08-27T19:29:59.373Z
oyster-oyster-dc,Oyster Oyster,codex_verified,11,verified,accurately_unavailable,not_applicable,0,0,verified,2026-08-27T19:29:59.373Z
ozzie-s-good-eats-fairfax-va-dc-metro,Ozzie's Good Eats,codex_verified,109,verified,accurately_unavailable,not_applicable,0,0,verified,2026-08-27T19:29:59.373Z
pf-changs,P.F. Chang's,codex_verified,170,verified,verified,not_applicable,0,0,verified,2026-08-12T12:33:50.952Z
p-j-skidoos-fairfax-va-dc-metro,P.J. Skidoos,codex_verified,81,verified,accurately_unavailable,not_applicable,0,0,verified,2026-08-27T19:29:59.373Z
replacement-pacci-s-trattoria-silver-spring-md,Pacci's Trattoria,codex_verified,52,verified,accurately_unavailable,not_applicable,0,0,verified,2026-08-27T19:29:59.373Z
chain-paisano-s-pizza,Paisano's Pizza,codex_verified,30,verified,accurately_unavailable,not_applicable,0,0,verified,2026-08-27T19:29:59.373Z
palette-22-arlington-va-dc-metro,Palette 22,codex_verified,42,verified,accurately_unavailable,not_applicable,0,0,verified,2026-08-27T19:29:59.373Z
osm-panda-6560558753,Panda Cafe,codex_verified,12,verified,accurately_unavailable,not_applicable,0,0,verified,2026-08-27T19:29:59.373Z
panda-express,Panda Express,codex_verified,130,verified,verified,not_applicable,0,0,verified,2026-08-12T12:30:50.757Z
chain-panera-bread,Panera Bread,codex_verified,211,verified,verified,not_applicable,0,0,verified,2026-08-27T19:29:59.373Z
pappe-dc,Pappe,codex_verified,61,verified,accurately_unavailable,not_applicable,0,0,verified,2026-08-27T19:29:59.373Z
paraiso-dc,Paraiso Mexican Restaurant,codex_verified,55,verified,accurately_unavailable,not_applicable,0,0,verified,2026-08-27T19:29:59.373Z
paris-baguette,Paris Baguette,codex_verified,122,verified,accurately_unavailable,not_applicable,0,0,verified,2026-08-27T19:29:59.373Z
parkway-deli-silver-spring-md,Parkway Deli,codex_verified,142,verified,accurately_unavailable,not_applicable,0,0,verified,2026-08-27T19:29:59.373Z
pascual-dc,Pascual,codex_verified,79,verified,accurately_unavailable,not_applicable,0,0,verified,2026-08-27T19:29:59.373Z
osm-passion-fin-2925004460,Passion Fin,codex_verified,290,verified,accurately_unavailable,not_applicable,0,0,verified,2026-08-27T19:29:59.373Z
passionfish-reston-reston-va-dc-metro,PassionFish Reston,codex_verified,162,verified,accurately_unavailable,not_applicable,0,0,verified,2026-08-27T19:29:59.373Z
pastis-dc,Pastis DC,codex_verified,100,verified,accurately_unavailable,not_applicable,0,0,verified,2026-08-27T19:29:59.373Z
replacement-pastry-xpo-cafe-falls-church-va,Pastry Xpo Cafe,codex_verified,17,verified,accurately_unavailable,not_applicable,0,0,verified,2026-08-27T19:29:59.373Z
patsy-s-american-vienna-va-dc-metro,Patsy's American,codex_verified,53,verified,accurately_unavailable,not_applicable,0,0,verified,2026-08-27T19:29:59.373Z
replacement-peacock-cafe-washington-dc,Peacock Café,codex_verified,40,verified,accurately_unavailable,not_applicable,0,0,verified,2026-08-27T19:29:59.373Z
pearl-dive-oyster-palace-dc,Pearl Dive Oyster Palace,codex_verified,42,verified,accurately_unavailable,not_applicable,0,0,verified,2026-08-27T19:29:59.373Z
replacement-pearl-dive-oyster-palace-washington-dc,Pearl Dive Oyster Palace,codex_verified,45,verified,accurately_unavailable,not_applicable,0,0,verified,2026-08-27T19:29:59.373Z
pearl-street-warehouse-dc,Pearl Street Warehouse,codex_verified,12,verified,accurately_unavailable,not_applicable,0,0,verified,2026-08-27T19:29:59.373Z
chain-peet-s-coffee,Peet's Coffee,codex_verified,74,verified,verified,not_applicable,0,0,verified,2026-08-27T19:29:59.373Z
peets-coffee-dmv,Peet's Coffee DMV,codex_verified,74,verified,verified,not_applicable,0,0,verified,2026-08-27T19:29:59.373Z
osm-pei-wei-461512191,Pei Wei,codex_verified,67,verified,verified,not_applicable,0,0,verified,2026-08-27T19:29:59.373Z
penn-quarter-sports-tavern-washington-dc-dc-metro,Penn Quarter Sports Tavern,codex_verified,40,verified,accurately_unavailable,not_applicable,0,0,verified,2026-08-27T19:29:59.373Z
replacement-pennyroyal-station-mt-rainier-md,Pennyroyal Station,codex_verified,21,verified,accurately_unavailable,not_applicable,0,0,verified,2026-08-27T19:29:59.373Z
osm-perfect-pita-2245478989,Perfect Pita,codex_verified,76,verified,accurately_unavailable,not_applicable,0,0,verified,2026-08-27T19:29:59.373Z
perry-s-restaurant-washington-dc-dc-metro,Perry's Restaurant,codex_verified,164,verified,accurately_unavailable,not_applicable,0,0,verified,2026-08-27T19:29:59.373Z
persimmon-bethesda-md,Persimmon,codex_verified,63,verified,accurately_unavailable,not_applicable,0,0,verified,2026-08-27T19:29:59.373Z
peter-chang-arlington-va,Peter Chang Arlington,codex_verified,211,verified,accurately_unavailable,not_applicable,0,0,verified,2026-08-27T19:29:59.373Z
peter-chang-mclean-va,Peter Chang McLean,codex_verified,130,verified,accurately_unavailable,not_applicable,0,0,verified,2026-08-27T19:29:59.373Z
peter-chang-rockville-md,Peter Chang Rockville,codex_verified,163,verified,accurately_unavailable,not_applicable,0,0,verified,2026-08-27T19:29:59.373Z
philippe-chow-dc-washington-dc-dc-metro,Philippe Chow DC,codex_verified,215,verified,accurately_unavailable,not_applicable,0,0,verified,2026-08-27T19:29:59.373Z
osm-pho-602314928,Pho & Grill,codex_verified,92,verified,accurately_unavailable,not_applicable,0,0,verified,2026-08-27T19:29:59.373Z
pho-hai-duong-tysons-va,Pho Hai Duong Tysons,codex_verified,37,verified,accurately_unavailable,not_applicable,0,0,verified,2026-08-27T19:29:59.373Z
replacement-pho-nom-nom-gaithersburg-gaithersburg-md,Pho Nom Nom Gaithersburg,codex_verified,102,verified,accurately_unavailable,not_applicable,0,0,verified,2026-08-27T19:29:59.373Z
pho-towda-vienna-dc-metro,Pho Towda Vienna,codex_verified,33,verified,accurately_unavailable,not_applicable,0,0,verified,2026-08-27T19:29:59.373Z
replacement-pho-viet-restaurant-washington-dc,Pho Viet Restaurant,codex_verified,22,verified,accurately_unavailable,not_applicable,0,0,verified,2026-08-27T19:29:59.373Z
phoxotic-dc,PhoXotic,codex_verified,25,verified,accurately_unavailable,not_applicable,0,0,verified,2026-08-27T19:29:59.373Z
pie-gourmet-vienna-va,Pie Gourmet,codex_verified,36,verified,accurately_unavailable,not_applicable,0,0,verified,2026-08-27T19:29:59.373Z
replacement-piero-s-corner-herndon-va,Piero's Corner,codex_verified,115,verified,accurately_unavailable,not_applicable,0,0,verified,2026-08-27T19:29:59.373Z
pike-restaurant-arlington-dc-metro,Pike Restaurant Arlington,codex_verified,50,verified,accurately_unavailable,not_applicable,0,0,verified,2026-08-27T19:29:59.373Z
pineapple-and-pearls-dc,Pineapple & Pearls,codex_verified,0,verified,accurately_unavailable,not_applicable,0,0,verified,2026-08-12T12:33:33.286Z
pines-of-florence-arlington-va-dc-metro,Pines of Florence,codex_verified,139,verified,accurately_unavailable,not_applicable,0,0,verified,2026-08-27T19:29:59.373Z
pines-of-rome-bethesda-md,Pines of Rome,codex_verified,110,verified,accurately_unavailable,not_applicable,0,0,verified,2026-08-27T19:29:59.373Z
pink-tiger-on-the-wharf-washington-dc-dc-metro,Pink Tiger on the Wharf,codex_verified,34,verified,accurately_unavailable,not_applicable,0,0,verified,2026-08-27T19:29:59.373Z
pisco-y-nazca-bethesda-md,Pisco y Nazca Bethesda,codex_verified,161,verified,accurately_unavailable,not_applicable,0,0,verified,2026-08-27T19:29:59.373Z
pisco-y-nazca-dc,Pisco y Nazca DC,codex_verified,96,verified,accurately_unavailable,not_applicable,0,0,verified,2026-08-27T19:29:59.373Z
pitango-adams-morgan-dc,Pitango Gelato & Cafe Adams Morgan,codex_verified,46,verified,accurately_unavailable,not_applicable,0,0,verified,2026-08-27T19:29:59.373Z
chain-pizza-boli-s,Pizza Boli's,codex_verified,179,verified,accurately_unavailable,not_applicable,0,0,verified,2026-08-27T19:29:59.373Z
pizza-hut,Pizza Hut,codex_verified,101,verified,verified,verified,0,0,verified,2026-08-27T15:25:33.453Z
pizzeria-paradiso-georgetown-dc,Pizzeria Paradiso Georgetown,codex_verified,62,verified,accurately_unavailable,not_applicable,0,0,verified,2026-08-27T19:29:59.373Z
pizzeria-paradiso-hyattsville-md,Pizzeria Paradiso Hyattsville,codex_verified,62,verified,accurately_unavailable,not_applicable,0,0,verified,2026-08-27T19:29:59.373Z
plaka-grill-vienna-va-dc-metro,Plaka Grill,codex_verified,63,verified,accurately_unavailable,not_applicable,0,0,verified,2026-08-27T19:29:59.373Z
planta-bethesda-bethesda-md-dc-metro,PLANTA Bethesda,codex_verified,112,verified,accurately_unavailable,not_applicable,0,0,verified,2026-08-27T19:29:59.373Z
replacement-planta-washington-dc-washington-dc,PLANTA Washington DC,codex_verified,115,verified,accurately_unavailable,not_applicable,0,0,verified,2026-08-27T19:29:59.373Z
playa-bowls-dc,Playa Bowls,codex_verified,76,verified,accurately_unavailable,not_applicable,0,0,verified,2026-08-27T19:29:59.373Z
pleroma-cuisine-laurel-md-dc-metro,Pleroma Cuisine,codex_verified,171,verified,accurately_unavailable,not_applicable,0,0,verified,2026-08-27T19:29:59.373Z
plnt-burger-dc,PLNT Burger,codex_verified,62,verified,verified,not_applicable,0,0,verified,2026-08-27T19:29:59.373Z
pluma-bakery-dc,Pluma by Bluebird Bakery,codex_verified,39,verified,accurately_unavailable,not_applicable,0,0,verified,2026-08-27T19:29:59.373Z
pollo-campero,Pollo Campero,codex_verified,69,verified,verified,not_applicable,0,0,verified,2026-08-27T19:29:59.373Z
osm-pollo-peru-3902107584,Pollo Peru,codex_verified,49,verified,accurately_unavailable,not_applicable,0,0,verified,2026-08-27T19:29:59.373Z
popeyes,Popeyes,codex_verified,158,verified,verified,not_applicable,0,0,verified,2026-08-12T12:30:53.897Z
popup-bagels-georgetown-dc,PopUp Bagels Georgetown,codex_verified,3,verified,accurately_unavailable,not_applicable,0,0,verified,2026-08-27T19:29:59.373Z
pork-barrel-bbq-alexandria-dc-metro,Pork Barrel BBQ Alexandria,codex_verified,68,verified,accurately_unavailable,not_applicable,0,0,verified,2026-08-27T19:29:59.373Z
potbelly-dc,Potbelly Sandwich Shop,codex_verified,233,verified,verified,not_applicable,0,0,verified,2026-08-12T12:34:58.985Z
replacement-preservation-biscuit-company-falls-church-va,Preservation Biscuit Company,codex_verified,48,verified,accurately_unavailable,not_applicable,0,0,verified,2026-08-27T19:29:59.373Z
pret-a-manger-dc,Pret A Manger,codex_verified,19,verified,verified,not_applicable,0,0,verified,2026-08-27T19:29:59.373Z
replacement-primohoagies-national-harbor-md,PrimoHoagies,codex_verified,111,verified,verified,not_applicable,0,0,verified,2026-08-27T19:29:59.373Z
primrose-dc,Primrose DC,codex_verified,6,verified,accurately_unavailable,not_applicable,0,0,verified,2026-08-27T19:29:59.373Z
problem-child-navy-yard-dc,Problem Child Navy Yard,codex_verified,27,verified,accurately_unavailable,not_applicable,0,0,verified,2026-08-27T19:29:59.373Z
proper-21-f-street-dc,Proper 21 F Street,codex_verified,22,verified,accurately_unavailable,not_applicable,0,0,verified,2026-08-27T19:29:59.373Z
prost-dc,Prost,codex_verified,28,verified,accurately_unavailable,not_applicable,0,0,verified,2026-08-27T19:29:59.373Z
providencia-dc,Providencia,codex_verified,8,verified,accurately_unavailable,not_applicable,0,0,verified,2026-08-27T19:29:59.373Z
replacement-provost-restaurant-washington-dc,Provost Restaurant,codex_verified,65,verified,accurately_unavailable,not_applicable,0,0,verified,2026-08-27T19:29:59.373Z
replacement-puddin-washington-dc,Puddin',codex_verified,14,verified,accurately_unavailable,not_applicable,0,0,verified,2026-08-27T19:29:59.373Z
chain-pupatella,Pupatella,codex_verified,132,verified,verified,not_applicable,0,0,verified,2026-08-27T19:29:59.373Z
pupatella-capitol-hill-dc,Pupatella Capitol Hill,codex_verified,83,verified,accurately_unavailable,not_applicable,0,0,verified,2026-08-27T19:29:59.373Z
replacement-pure-pasty-vienna-shop-vienna-va,Pure Pasty Vienna Shop,codex_verified,23,verified,accurately_unavailable,not_applicable,0,0,verified,2026-08-27T19:29:59.373Z
purple-patch-dc,Purple Patch,codex_verified,98,verified,accurately_unavailable,not_applicable,0,0,verified,2026-08-27T19:29:59.373Z
puttery-washington-dc-dc-metro,Puttery,codex_verified,85,verified,accurately_unavailable,not_applicable,0,0,verified,2026-08-27T19:29:59.373Z
q-by-peter-chang-bethesda-md,Q by Peter Chang,codex_verified,104,verified,accurately_unavailable,not_applicable,0,0,verified,2026-08-27T19:29:59.373Z
quarry-house-tavern-silver-spring-md-dc-metro,Quarry House Tavern,codex_verified,25,verified,accurately_unavailable,not_applicable,0,0,verified,2026-08-27T19:29:59.373Z
quarterdeck-arlington-va-dc-metro,Quarterdeck,codex_verified,69,verified,accurately_unavailable,not_applicable,0,0,verified,2026-08-27T19:29:59.373Z
queen-mothers-arlington-va,Queen Mother's,codex_verified,13,verified,accurately_unavailable,not_applicable,0,0,verified,2026-08-27T19:29:59.373Z
queens-english-dc,Queen's English,codex_verified,13,verified,accurately_unavailable,not_applicable,0,0,verified,2026-08-27T19:29:59.373Z
chain-quickway-japanese-hibachi,Quickway Japanese Hibachi,codex_verified,17,verified,accurately_unavailable,not_applicable,0,0,verified,2026-08-27T19:29:59.373Z
quincy-hall-arlington-dc-metro,Quincy Hall Arlington,codex_verified,40,verified,accurately_unavailable,not_applicable,0,0,verified,2026-08-27T19:29:59.373Z
quincys-gaithersburg-dc-metro,Quincy's Gaithersburg,codex_verified,47,verified,accurately_unavailable,not_applicable,0,0,verified,2026-08-27T19:29:59.373Z
quiznos,Quiznos,codex_verified,145,verified,accurately_unavailable,not_applicable,0,0,verified,2026-08-27T19:29:59.373Z
raising-canes,Raising Cane's,codex_verified,110,verified,verified,not_applicable,0,0,verified,2026-08-12T13:53:45.701Z
raku-bethesda-md,Raku Bethesda,codex_verified,105,verified,accurately_unavailable,not_applicable,0,0,verified,2026-08-27T19:29:59.373Z
rakuya-dc,Rakuya,codex_verified,70,verified,verified,not_applicable,0,0,verified,2026-08-27T19:29:59.373Z
replacement-ramen-by-uzu-washington-dc,RAMEN BY UZU,codex_verified,11,verified,accurately_unavailable,not_applicable,0,0,verified,2026-08-27T19:29:59.373Z
ramen-menri-bethesda-dc-metro,Ramen Menri Bethesda,codex_verified,45,verified,accurately_unavailable,not_applicable,0,0,verified,2026-08-27T19:29:59.373Z
randys-prime-tysons-va,Randy's Prime Seafood & Steaks,codex_verified,48,verified,accurately_unavailable,not_applicable,0,0,verified,2026-08-27T19:29:59.373Z
replacement-randy-s-prime-seafood-and-steaks-vienna-va,Randy's Prime Seafood and Steaks,codex_verified,57,verified,accurately_unavailable,not_applicable,0,0,verified,2026-08-27T19:29:59.373Z
rania-dc,Rania,codex_verified,28,verified,accurately_unavailable,not_applicable,0,0,verified,2026-08-27T19:29:59.373Z
rappahannock-oyster-bar-wharf-dc,Rappahannock Oyster Bar,codex_verified,23,verified,accurately_unavailable,not_applicable,0,0,verified,2026-08-27T19:29:59.373Z
rare-bird-coffee-roasters-falls-church-va,Rare Bird Coffee Roasters,codex_verified,60,verified,verified,not_applicable,0,0,verified,2026-08-27T19:29:59.373Z
rare-steakhouse-dc,RARE Steakhouse & Tavern,codex_verified,46,verified,accurately_unavailable,not_applicable,0,0,verified,2026-08-27T19:29:59.373Z
rasa-dc,RASA,codex_verified,88,verified,verified,not_applicable,0,0,verified,2026-08-27T19:29:59.373Z
rasika-penn-quarter-dc,Rasika Penn Quarter,codex_verified,190,verified,verified,not_applicable,0,0,verified,2026-08-27T19:29:59.373Z
rasika-west-end-dc,Rasika West End,codex_verified,191,verified,verified,not_applicable,0,0,verified,2026-08-27T19:29:59.373Z
ravi-kabob-house-arlington-va,Ravi Kabob House,codex_verified,90,verified,accurately_unavailable,not_applicable,0,0,verified,2026-08-27T19:29:59.373Z
red-crab-house-laurel-md-dc-metro,Red Crab House,codex_verified,46,verified,accurately_unavailable,not_applicable,0,0,verified,2026-08-27T19:29:59.373Z
red-hot-and-blue-laurel-laurel-md-dc-metro,Red Hot & Blue Laurel,codex_verified,142,verified,accurately_unavailable,not_applicable,0,0,verified,2026-08-27T19:29:59.373Z
red-lobster,Red Lobster,codex_verified,127,verified,verified,not_applicable,0,0,verified,2026-08-27T19:29:59.373Z
red-robin,Red Robin,codex_verified,247,verified,verified,not_applicable,0,0,verified,2026-08-27T19:29:59.373Z
osm-red-hot-blue-1448579525,"Red, Hot & Blue",codex_verified,130,verified,accurately_unavailable,not_applicable,0,0,verified,2026-08-27T19:29:59.373Z
red-s-table-reston-va-dc-metro,Red's Table,codex_verified,88,verified,accurately_unavailable,not_applicable,0,0,verified,2026-08-27T19:29:59.373Z
redrocks-old-town-alexandria-dc-metro,RedRocks Old Town,codex_verified,43,verified,accurately_unavailable,not_applicable,0,0,verified,2026-08-27T19:29:59.373Z
replacement-redrocks-pizza-washington-dc,RedRocks Pizza,codex_verified,84,verified,accurately_unavailable,not_applicable,0,0,verified,2026-08-27T19:29:59.373Z
redstone-american-grill-washington-dc-dc-metro,Redstone American Grill,codex_verified,113,verified,accurately_unavailable,not_applicable,0,0,verified,2026-08-27T19:29:59.373Z
republic-cantina-dc,Republic Cantina,codex_verified,41,verified,accurately_unavailable,not_applicable,0,0,verified,2026-08-27T19:29:59.373Z
residents-cafe-bar-dc,Residents Cafe & Bar,codex_verified,41,verified,accurately_unavailable,not_applicable,0,0,verified,2026-08-27T19:29:59.373Z
reverie-dc,Reverie,codex_verified,0,verified,accurately_unavailable,not_applicable,0,0,verified,2026-08-12T13:54:05.232Z
rice-paper-falls-church-va,Rice Paper,codex_verified,147,verified,accurately_unavailable,not_applicable,0,0,verified,2026-08-27T19:29:59.373Z
ristorante-bonaroti-vienna-va,Ristorante Bonaroti,codex_verified,68,verified,accurately_unavailable,not_applicable,0,0,verified,2026-08-27T19:29:59.373Z
chain-rita-s-italian-ice,Rita's Italian Ice,codex_verified,13,verified,verified,not_applicable,0,0,verified,2026-08-27T19:29:59.373Z
river-club-dc,River Club,codex_verified,48,verified,accurately_unavailable,not_applicable,0,0,verified,2026-08-27T19:29:59.373Z
replacement-riviera-tapas-bar-riverdale-md,Riviera Tapas Bar,codex_verified,122,verified,accurately_unavailable,not_applicable,0,0,verified,2026-08-27T19:29:59.373Z
roaming-rooster-dc,Roaming Rooster,codex_verified,31,verified,accurately_unavailable,not_applicable,0,0,verified,2026-08-27T19:29:59.373Z
roaming-rooster-skyland-dc,Roaming Rooster Skyland Town Center,codex_verified,29,verified,accurately_unavailable,not_applicable,0,0,verified,2026-08-27T19:29:59.373Z
robeks,Robeks,codex_verified,79,verified,verified,not_applicable,0,0,verified,2026-08-27T19:29:59.373Z
rocklands-bbq-dc,Rocklands Barbeque and Grilling Company DC,codex_verified,79,verified,verified,not_applicable,0,0,verified,2026-08-27T19:29:59.373Z
osm-roll-play-10661106334,Roll Play,codex_verified,109,verified,verified,not_applicable,0,0,verified,2026-08-27T19:29:59.373Z
roll-play-falls-church-dc-metro,Roll Play Falls Church,codex_verified,29,verified,verified,not_applicable,0,0,verified,2026-08-27T19:29:59.373Z
replacement-roofers-union-washington-dc,Roofers Union,codex_verified,32,verified,accurately_unavailable,not_applicable,0,0,verified,2026-08-27T19:29:59.373Z
rooster-owl-dc,Rooster & Owl,codex_verified,55,verified,accurately_unavailable,not_applicable,0,0,verified,2026-08-27T19:29:59.373Z
roots-cafe-mclean-dc-metro,Roots Cafe McLean,codex_verified,53,verified,accurately_unavailable,not_applicable,0,0,verified,2026-08-27T19:29:59.373Z
rosa-mexicano-washington-dc-dc-metro,Rosa Mexicano,codex_verified,20,verified,accurately_unavailable,not_applicable,0,0,verified,2026-08-27T19:29:59.373Z
replacement-roscoe-s-pizzeria-takoma-park-md,Roscoe's Pizzeria,codex_verified,96,verified,accurately_unavailable,not_applicable,0,0,verified,2026-08-27T19:29:59.373Z
rose-ave-bakery-dc,Rose Ave Bakery,codex_verified,35,verified,accurately_unavailable,not_applicable,0,0,verified,2026-08-27T19:29:59.373Z
roses-luxury-dc,Rose's Luxury,codex_verified,11,verified,accurately_unavailable,not_applicable,0,0,verified,2026-08-27T19:29:59.373Z
replacement-rosemarino-d-italia-i-dupont-circle-washington-dc,Rosemarino D'Italia I Dupont Circle,codex_verified,30,verified,accurately_unavailable,not_applicable,0,0,verified,2026-08-27T19:29:59.373Z
rosselli-dc,Rosselli,codex_verified,43,verified,accurately_unavailable,not_applicable,0,0,verified,2026-08-27T19:29:59.373Z
roti-noma-dc,Roti Modern Mediterranean,codex_verified,38,verified,accurately_unavailable,not_applicable,0,0,verified,2026-08-27T19:29:59.373Z
chain-roy-rogers,Roy Rogers,codex_verified,93,verified,verified,not_applicable,0,0,verified,2026-08-27T19:29:59.373Z
replacement-royal-nepal-bistro-vienna-va,Royal Nepal Bistro,codex_verified,50,verified,accurately_unavailable,not_applicable,0,0,verified,2026-08-27T19:29:59.373Z
royal-restaurant-alexandria-dc-metro,Royal Restaurant Alexandria,codex_verified,43,verified,accurately_unavailable,not_applicable,0,0,verified,2026-08-27T19:29:59.373Z
rpm-italian-dc,RPM Italian DC,codex_verified,184,verified,accurately_unavailable,not_applicable,0,0,verified,2026-08-27T19:29:59.373Z
replacement-ruan-thai-restaurant-wheaton-md,Ruan Thai Restaurant,codex_verified,38,verified,accurately_unavailable,not_applicable,0,0,verified,2026-08-27T19:29:59.373Z
ruby-tuesday,Ruby Tuesday,codex_verified,242,verified,verified,not_applicable,0,0,verified,2026-08-27T19:29:59.373Z
rumi-s-kitchen-dc-washington-dc-dc-metro,Rumi's Kitchen - DC,codex_verified,35,verified,accurately_unavailable,not_applicable,0,0,verified,2026-08-27T19:29:59.373Z
osm-rus-uz-3732378171,Rus Uz,codex_verified,46,verified,accurately_unavailable,not_applicable,0,0,verified,2026-08-27T19:29:59.373Z
rus-uz-arlington-dc-metro,Rus Uz Arlington,codex_verified,35,verified,accurately_unavailable,not_applicable,0,0,verified,2026-08-27T19:29:59.373Z
rustico-alexandria-dc-metro,Rustico Alexandria,codex_verified,43,verified,accurately_unavailable,not_applicable,0,0,verified,2026-08-27T19:29:59.373Z
ruta-dc,Ruta Ukrainian Restaurant,codex_verified,37,verified,accurately_unavailable,not_applicable,0,0,verified,2026-08-27T19:29:59.373Z
ruths-chris,Ruth's Chris Steak House,codex_verified,129,verified,accurately_unavailable,not_applicable,0,0,verified,2026-08-27T19:29:59.373Z
ruths-chris-tysons-corner-va,Ruth's Chris Steak House Tysons Corner,codex_verified,82,verified,accurately_unavailable,not_applicable,0,0,verified,2026-08-27T19:29:59.373Z
ruthie-s-all-day-arlington-va-dc-metro,Ruthie's All-Day,codex_verified,115,verified,accurately_unavailable,not_applicable,0,0,verified,2026-08-27T19:29:59.373Z
rye-bunny-dc,Rye Bunny,codex_verified,0,verified,accurately_unavailable,not_applicable,0,0,verified,2026-08-12T13:55:27.047Z
replacement-saahil-dulles-va,Saahil,codex_verified,19,verified,accurately_unavailable,not_applicable,0,0,verified,2026-08-27T19:29:59.373Z
sababa-dc,Sababa,codex_verified,50,verified,accurately_unavailable,not_applicable,0,0,verified,2026-08-27T19:29:59.373Z
sakaki-izakaya-arlington-va,Sakaki Izakaya,codex_verified,32,verified,accurately_unavailable,not_applicable,0,0,verified,2026-08-27T19:29:59.373Z
sakana-dc,Sakana Japanese Restaurant,codex_verified,104,verified,accurately_unavailable,not_applicable,0,0,verified,2026-08-27T19:29:59.373Z
osm-sala-thai-2812475004,Sala Thai,codex_verified,104,verified,accurately_unavailable,not_applicable,0,0,verified,2026-08-27T19:29:59.373Z
salt-and-vine-washington-dc-dc-metro,Salt & Vine,codex_verified,105,verified,accurately_unavailable,not_applicable,0,0,verified,2026-08-27T19:29:59.373Z
replacement-san-pancho-takoma-park-md,San Pancho,codex_verified,52,verified,accurately_unavailable,not_applicable,0,0,verified,2026-08-27T19:29:59.373Z
replacement-sandwich-republic-springfield-va,Sandwich Republic,codex_verified,30,verified,accurately_unavailable,not_applicable,0,0,verified,2026-08-27T19:29:59.373Z
osm-santini-s-new-york-style-deli-626331914,Santini's New York Style Deli,codex_verified,110,verified,accurately_unavailable,not_applicable,0,0,verified,2026-08-27T19:29:59.373Z
sardi-s-pollo-a-la-brasa-beltsville-washington-dc-dc-metro,Sardi's Pollo A La Brasa - Beltsville,codex_verified,44,verified,verified,not_applicable,0,0,verified,2026-08-27T19:29:59.373Z
sardi-s-pollo-a-la-brasa-langley-park-takoma-park-md-dc-metro,Sardi's Pollo A La Brasa - Langley Park,codex_verified,44,verified,accurately_unavailable,not_applicable,0,0,verified,2026-08-27T19:29:59.373Z
chain-sarku-japan,Sarku Japan,codex_verified,45,verified,verified,not_applicable,0,0,verified,2026-08-27T19:29:59.373Z
replacement-satay-club-asian-restaurant-washington-dc,Satay Club Asian restaurant,codex_verified,185,verified,accurately_unavailable,not_applicable,0,0,verified,2026-08-27T19:29:59.373Z
saya-saltena-dc,Saya Salteña,codex_verified,31,verified,accurately_unavailable,not_applicable,0,0,verified,2026-08-27T19:29:59.373Z
sbarro,Sbarro,codex_verified,86,verified,verified,not_applicable,0,0,verified,2026-08-27T19:29:59.373Z
replacement-scarlet-oak-restaurant-and-bar-washington-dc,Scarlet Oak Restaurant & Bar,codex_verified,21,verified,accurately_unavailable,not_applicable,0,0,verified,2026-08-27T19:29:59.373Z
sense-of-thai-ashburn-ashburn-va-dc-metro,Sense of Thai Ashburn,codex_verified,50,verified,accurately_unavailable,not_applicable,0,0,verified,2026-08-27T19:29:59.373Z
replacement-seoul-food-d-c-takoma-park-md,Seoul Food D.C.,codex_verified,35,verified,accurately_unavailable,not_applicable,0,0,verified,2026-08-27T19:29:59.373Z
seoulspice-dc,SEOULSPICE,codex_verified,32,verified,accurately_unavailable,not_applicable,0,0,verified,2026-08-27T19:29:59.373Z
sequoia-dc-washington-dc-dc-metro,Sequoia DC,codex_verified,15,verified,accurately_unavailable,not_applicable,0,0,verified,2026-08-27T19:29:59.373Z
ser-restaurant-arlington-va,SER Restaurant,codex_verified,122,verified,accurately_unavailable,not_applicable,0,0,verified,2026-08-27T19:29:59.373Z
replacement-seray-vienna-va,Seray,codex_verified,99,verified,accurately_unavailable,not_applicable,0,0,verified,2026-08-27T19:29:59.373Z
service-bar-dc,Service Bar,codex_verified,29,verified,accurately_unavailable,not_applicable,0,0,verified,2026-08-27T19:29:59.373Z
sette-osteria-washington-dc-dc-metro,Sette Osteria,codex_verified,133,verified,accurately_unavailable,not_applicable,0,0,verified,2026-08-27T19:29:59.373Z
seven-reasons-dc,Seven Reasons,codex_verified,51,verified,accurately_unavailable,not_applicable,0,0,verified,2026-08-27T19:29:59.373Z
replacement-sfizi-cafe-falls-church-va,Sfizi Cafe,codex_verified,136,verified,accurately_unavailable,not_applicable,0,0,verified,2026-08-27T19:29:59.373Z
sfoglina-downtown-dc,Sfoglina Downtown,codex_verified,37,verified,accurately_unavailable,not_applicable,0,0,verified,2026-08-27T19:29:59.373Z
shake-shack,Shake Shack,codex_verified,198,verified,verified,not_applicable,0,0,verified,2026-08-12T13:55:16.493Z
shamshiry-vienna-va-dc-metro,Shamshiry,codex_verified,12,verified,accurately_unavailable,not_applicable,0,0,verified,2026-08-27T19:29:59.373Z
shaw-s-tavern-washington-dc-dc-metro,Shaw's Tavern,codex_verified,102,verified,accurately_unavailable,not_applicable,0,0,verified,2026-08-27T19:29:59.373Z
sheesh-chantilly-dc-metro,Sheesh Chantilly,codex_verified,117,verified,accurately_unavailable,not_applicable,0,0,verified,2026-08-27T19:29:59.373Z
osm-sheesh-11238675675,Sheesh Grill,codex_verified,139,verified,accurately_unavailable,not_applicable,0,0,verified,2026-08-12T14:06:35.298Z
shia-dc,SHIA,codex_verified,10,verified,accurately_unavailable,not_applicable,0,0,verified,2026-08-27T19:29:59.373Z
shilling-canning-company-dc,Shilling Canning Company,codex_verified,22,verified,accurately_unavailable,not_applicable,0,0,verified,2026-08-12T14:26:08.674Z
shoto-dc,Shoto,codex_verified,0,verified,accurately_unavailable,not_applicable,0,0,verified,2026-08-27T19:29:59.373Z
siam-house-washington-d-c-washington-dc-dc-metro,"Siam House, Washington, D.C.",codex_verified,92,verified,accurately_unavailable,not_applicable,0,0,verified,2026-08-27T19:29:59.373Z
sicilian-pizza-h-street-dc,Sicilian Pizza H Street,codex_verified,138,verified,accurately_unavailable,not_applicable,0,0,verified,2026-08-27T19:29:59.373Z
side-door-pizza-dc,Side Door Pizza,codex_verified,54,verified,accurately_unavailable,not_applicable,0,0,verified,2026-08-27T19:29:59.373Z
replacement-silk-road-choyhona-gaithersburg-md,Silk Road Choyhona,codex_verified,65,verified,accurately_unavailable,not_applicable,0,0,verified,2026-08-27T19:29:59.373Z
silver-bethesda-md-dc-metro,Silver,codex_verified,269,verified,verified,not_applicable,0,0,verified,2026-08-27T19:29:59.373Z
silver-and-sons-bbq-bethesda-md,Silver and Sons BBQ,codex_verified,132,verified,accurately_unavailable,not_applicable,0,0,verified,2026-08-27T19:29:59.373Z
silver-diner-dc,Silver Diner,codex_verified,176,verified,verified,not_applicable,0,0,verified,2026-08-27T19:29:59.373Z
replacement-silver-social-washington-dc,Silver Social,codex_verified,43,verified,accurately_unavailable,not_applicable,0,0,verified,2026-08-27T19:29:59.373Z
silverado-annandale-va-dc-metro,Silverado,codex_verified,107,verified,accurately_unavailable,not_applicable,0,0,verified,2026-08-27T19:29:59.373Z
simona-cafe-arlington-va,Simona Cafe,codex_verified,114,verified,accurately_unavailable,not_applicable,0,0,verified,2026-08-27T19:29:59.373Z
sisters-thai-fairfax-va-dc-metro,Sisters Thai,codex_verified,128,verified,accurately_unavailable,not_applicable,0,0,verified,2026-08-27T19:29:59.373Z
six-street-hospitality-inc-washington-dc-dc-metro,SIX STREET HOSPITALITY INC,codex_verified,14,verified,accurately_unavailable,not_applicable,0,0,verified,2026-08-27T19:29:59.373Z
replacement-sixty-vines-reston-reston-va,Sixty Vines Reston,codex_verified,16,verified,accurately_unavailable,not_applicable,0,0,verified,2026-08-27T19:29:59.373Z
sixty-vines-reston-va,Sixty Vines Reston,codex_verified,15,verified,accurately_unavailable,not_applicable,0,0,verified,2026-08-27T19:29:59.373Z
sk-shawarma-suhair-s-kitchen-sterling-va-dc-metro,SK Shawarma - Suhair's Kitchen,codex_verified,24,verified,accurately_unavailable,not_applicable,0,0,verified,2026-08-27T19:29:59.373Z
slice-and-pie-14th-dc,Slice & Pie 14th Street,codex_verified,34,verified,accurately_unavailable,not_applicable,0,0,verified,2026-08-27T19:29:59.373Z
smashburger,Smashburger,codex_verified,45,verified,accurately_unavailable,not_applicable,0,0,verified,2026-08-27T19:29:59.373Z
replacement-smokecraft-modern-barbecue-arlington-va,Smokecraft Modern Barbecue,codex_verified,94,verified,accurately_unavailable,not_applicable,0,0,verified,2026-08-27T19:29:59.373Z
smoothie-king,Smoothie King,codex_verified,325,verified,verified,not_applicable,0,0,verified,2026-08-27T19:29:59.373Z
so-korean-bbq-centreville-va-dc-metro,Sō Korean BBQ,codex_verified,19,verified,accurately_unavailable,not_applicable,0,0,verified,2026-08-27T19:29:59.373Z
replacement-social-burger-vienna-va,Social Burger,codex_verified,47,verified,accurately_unavailable,not_applicable,0,0,verified,2026-08-27T19:29:59.373Z
society-seafood-house-silver-spring-md-dc-metro,Society Seafood House,codex_verified,56,verified,accurately_unavailable,not_applicable,0,0,verified,2026-08-27T19:29:59.373Z
replacement-sofra-washington-dc,Sofra,codex_verified,40,verified,accurately_unavailable,not_applicable,0,0,verified,2026-08-27T19:29:59.373Z
soko-butcher-dc-metro,Soko Butcher,codex_verified,47,verified,accurately_unavailable,not_applicable,0,0,verified,2026-08-27T19:29:59.373Z
replacement-solace-outpost-washington-dc,Solace Outpost,codex_verified,38,verified,accurately_unavailable,not_applicable,0,0,verified,2026-08-27T19:29:59.373Z
sonic,Sonic Drive-In,codex_verified,139,verified,verified,not_applicable,0,0,verified,2026-08-27T19:29:59.373Z
sonnys-pizza-dc,Sonny's Pizza,codex_verified,27,verified,accurately_unavailable,not_applicable,0,0,verified,2026-08-27T19:29:59.373Z
sook-dc,Sook DC,codex_verified,14,verified,accurately_unavailable,not_applicable,0,0,verified,2026-08-27T19:29:59.373Z
replacement-sorimmara-annandale-annandale-va,Sorimmara Annandale,codex_verified,12,verified,accurately_unavailable,not_applicable,0,0,verified,2026-08-27T19:29:59.373Z
sorn-thai-mclean-va,Sorn Thai,codex_verified,94,verified,accurately_unavailable,not_applicable,0,0,verified,2026-08-27T19:29:59.373Z
south-block-dc,South Block,codex_verified,50,verified,accurately_unavailable,not_applicable,0,0,verified,2026-08-27T19:29:59.373Z
replacement-south-house-garden-gaithersburg-md,South House Garden,codex_verified,18,verified,accurately_unavailable,not_applicable,0,0,verified,2026-08-27T19:29:59.373Z
replacement-southeast-impression-fairfax-va,Southeast Impression,codex_verified,77,verified,accurately_unavailable,not_applicable,0,0,verified,2026-08-27T19:29:59.373Z
spacebar-falls-church-va-dc-metro,Spacebar,codex_verified,26,verified,accurately_unavailable,not_applicable,0,0,verified,2026-08-27T19:29:59.373Z
replacement-spice-kraft-indian-bistro-arlington-va,Spice Kraft Indian Bistro,codex_verified,105,verified,accurately_unavailable,not_applicable,0,0,verified,2026-08-27T19:29:59.373Z
replacement-spice-street-restaurant-silver-spring-md,Spice Street Restaurant,codex_verified,101,verified,accurately_unavailable,not_applicable,0,0,verified,2026-08-27T19:29:59.373Z
spin-pollo-falls-church-va,Spin Pollo,codex_verified,61,verified,accurately_unavailable,not_applicable,0,0,verified,2026-08-12T14:11:17.987Z
st-anselm-dc,St. Anselm,codex_verified,46,verified,accurately_unavailable,not_applicable,0,0,verified,2026-08-27T19:29:59.373Z
st-james-dc,St. James,codex_verified,32,verified,accurately_unavailable,not_applicable,0,0,verified,2026-08-27T19:29:59.373Z
stachowski-market-dc,Stachowski Market,codex_verified,13,verified,accurately_unavailable,not_applicable,0,0,verified,2026-08-27T19:29:59.373Z
stans-dc,Stan's Restaurant,codex_verified,100,verified,accurately_unavailable,not_applicable,0,0,verified,2026-08-27T19:29:59.373Z
starbucks,Starbucks,codex_verified,154,verified,verified,not_applicable,0,0,verified,2026-08-27T19:29:59.373Z
station-4-dc,Station 4,codex_verified,121,verified,accurately_unavailable,not_applicable,0,0,verified,2026-08-27T19:29:59.373Z
steak-n-egg-tenleytown-dc,Steak 'n Egg Diner Tenleytown,codex_verified,78,verified,accurately_unavailable,not_applicable,0,0,verified,2026-08-27T19:29:59.373Z
stellina-pizzeria-dc,Stellina Pizzeria,codex_verified,70,verified,accurately_unavailable,not_applicable,0,0,verified,2026-08-27T19:29:59.373Z
sticky-fingers-bakery-dc,Sticky Fingers Bakery,codex_verified,171,verified,accurately_unavailable,not_applicable,0,0,verified,2026-08-27T19:29:59.373Z
stk-steakhouse-dc,STK Steakhouse DC,codex_verified,67,verified,accurately_unavailable,not_applicable,0,0,verified,2026-08-27T19:29:59.373Z
stone-s-cove-kitbar-herndon-va-dc-metro,Stone's Cove Kitbar,codex_verified,136,verified,accurately_unavailable,not_applicable,0,0,verified,2026-08-27T19:29:59.373Z
stoneys-dc,Stoney's,codex_verified,63,verified,accurately_unavailable,not_applicable,0,0,verified,2026-08-27T19:29:59.373Z
stracci-pizza-alexandria-va,Stracci Pizza,codex_verified,21,verified,accurately_unavailable,not_applicable,0,0,verified,2026-08-27T19:29:59.373Z
replacement-stupid-good-bbq-springfield-va,Stupid Good BBQ,codex_verified,101,verified,accurately_unavailable,not_applicable,0,0,verified,2026-08-27T19:29:59.373Z
subway,Subway,codex_verified,25,verified,verified,not_applicable,0,0,verified,2026-08-12T13:53:23.356Z
succotash-dc,Succotash,codex_verified,111,verified,accurately_unavailable,not_applicable,0,0,verified,2026-08-27T19:29:59.373Z
replacement-sudhouse-dc-washington-dc,Sudhouse DC,codex_verified,34,verified,accurately_unavailable,not_applicable,0,0,verified,2026-08-27T19:29:59.373Z
suga-and-spice-hyattsville-md-dc-metro,Suga & Spice,codex_verified,91,verified,accurately_unavailable,not_applicable,0,0,verified,2026-08-27T19:29:59.373Z
summer-house-santa-monica-bethesda-md-dc-metro,Summer House Santa Monica,codex_verified,88,verified,accurately_unavailable,not_applicable,0,0,verified,2026-08-27T19:29:59.373Z
replacement-sunflower-vegetarian-restaurant-vienna-va,Sunflower Vegetarian Restaurant,codex_verified,211,verified,accurately_unavailable,not_applicable,0,0,verified,2026-08-27T19:29:59.373Z
supra-dc,Supra,codex_verified,88,verified,accurately_unavailable,not_applicable,0,0,verified,2026-08-27T19:29:59.373Z
sura-dc,Sura,codex_verified,20,verified,accurately_unavailable,not_applicable,0,0,verified,2026-08-27T19:29:59.373Z
surfside-washington-dc-dc-metro,Surfside,codex_verified,118,verified,accurately_unavailable,not_applicable,0,0,verified,2026-08-27T19:29:59.373Z
susheria-washington-dc-dc-metro,Susheria,codex_verified,61,verified,accurately_unavailable,not_applicable,0,0,verified,2026-08-27T19:29:59.373Z
sushi-hachi-dc,Sushi Hachi,codex_verified,96,verified,accurately_unavailable,not_applicable,0,0,verified,2026-08-27T19:29:59.373Z
osm-sushi-jin-10687259039,Sushi Jin,codex_verified,66,verified,accurately_unavailable,not_applicable,0,0,verified,2026-08-27T19:29:59.373Z
sushi-nakazawa-dc,Sushi Nakazawa,codex_verified,0,verified,accurately_unavailable,not_applicable,0,0,verified,2026-08-27T19:29:59.373Z
sushi-ogawa-dc,Sushi Ogawa,codex_verified,80,verified,accurately_unavailable,not_applicable,0,0,verified,2026-08-27T19:29:59.373Z
sushi-oishii-ayce-vienna-va-dc-metro,Sushi Oishii AYCE,codex_verified,12,verified,accurately_unavailable,not_applicable,0,0,verified,2026-08-27T19:29:59.373Z
sushi-taro-dc,Sushi Taro,codex_verified,56,verified,accurately_unavailable,not_applicable,0,0,verified,2026-08-27T19:29:59.373Z
swahili-village-dc,Swahili Village DC,codex_verified,108,verified,accurately_unavailable,not_applicable,0,0,verified,2026-08-27T19:29:59.373Z
sweet-crimes-bakery-dc,Sweet Crimes Bakery,codex_verified,113,verified,verified,not_applicable,0,0,verified,2026-08-27T19:29:59.373Z
sweet-leaf-arlington,Sweet Leaf Cafe,codex_verified,174,verified,accurately_unavailable,not_applicable,0,0,verified,2026-08-27T19:29:59.373Z
sweet-leaf-mclean-dc-metro,Sweet Leaf McLean,codex_verified,123,verified,accurately_unavailable,not_applicable,0,0,verified,2026-08-27T19:29:59.373Z
sweetfrog,sweetFrog,codex_verified,103,verified,verified,not_applicable,0,0,verified,2026-08-27T17:21:14.000Z
sweetgreen-dc,sweetgreen,codex_verified,124,verified,verified,not_applicable,0,0,verified,2026-08-27T19:29:59.373Z
sweetwater-tavern-falls-church-va-dc-metro,Sweetwater Tavern,codex_verified,51,verified,accurately_unavailable,not_applicable,0,0,verified,2026-08-27T19:29:59.373Z
swizzler-dc,Swizzler,codex_verified,20,verified,accurately_unavailable,not_applicable,0,0,verified,2026-08-27T19:29:59.373Z
taberna-del-alabardero-washington-dc-dc-metro,Taberna del Alabardero,codex_verified,201,verified,accurately_unavailable,not_applicable,0,0,verified,2026-08-27T19:29:59.373Z
taco-bamba,Taco Bamba,codex_verified,106,verified,verified,not_applicable,0,0,verified,2026-08-27T19:29:59.373Z
taco-bamba-ballston-dc-metro,Taco Bamba Ballston,codex_verified,74,verified,verified,not_applicable,0,0,verified,2026-08-27T19:29:59.373Z
taco-bamba-city-ridge,Taco Bamba City Ridge,codex_verified,107,verified,verified,not_applicable,0,0,verified,2026-08-27T19:29:59.373Z
taco-bamba-fair-lakes-dc-metro,Taco Bamba Fair Lakes,codex_verified,78,verified,accurately_unavailable,not_applicable,0,0,verified,2026-08-27T19:29:59.373Z
taco-bamba-gaithersburg-dc-metro,Taco Bamba Gaithersburg,codex_verified,78,verified,verified,not_applicable,0,0,verified,2026-08-27T19:29:59.373Z
taco-bamba-herndon-dc-metro,Taco Bamba Herndon,codex_verified,78,verified,verified,not_applicable,0,0,verified,2026-08-27T19:29:59.373Z
taco-bamba-rockville-dc-metro,Taco Bamba Rockville,codex_verified,77,verified,verified,not_applicable,0,0,verified,2026-08-27T19:29:59.373Z
taco-bamba-shirlington-dc-metro,Taco Bamba Shirlington,codex_verified,74,verified,accurately_unavailable,not_applicable,0,0,verified,2026-08-27T19:29:59.373Z
taco-bamba-springfield-dc-metro,Taco Bamba Springfield,codex_verified,75,verified,accurately_unavailable,not_applicable,0,0,verified,2026-08-27T19:29:59.373Z
taco-bamba-sterling-dc-metro,Taco Bamba Sterling,codex_verified,80,verified,verified,not_applicable,0,0,verified,2026-08-27T19:29:59.373Z
taco-bamba-vienna-dc-metro,Taco Bamba Vienna,codex_verified,76,verified,verified,not_applicable,0,0,verified,2026-08-27T19:29:59.373Z
taco-bell,Taco Bell,codex_verified,107,verified,verified,not_applicable,0,0,verified,2026-08-12T13:53:07.439Z
replacement-taco-cantina-dc-mexican-grill-washington-dc,Taco Cantina DC Mexican Grill,codex_verified,66,verified,accurately_unavailable,not_applicable,0,0,verified,2026-08-27T19:29:59.373Z
taco-chinoz-and-bar-centreville-va-dc-metro,Taco Chinoz & Bar,codex_verified,56,verified,accurately_unavailable,not_applicable,0,0,verified,2026-08-27T19:29:59.373Z
tacombi-bethesda-md,Tacombi Bethesda,codex_verified,16,verified,verified,not_applicable,0,0,verified,2026-08-27T19:29:59.373Z
replacement-tacos-a-la-madre-college-park-college-park-md,Tacos a la Madre - College Park,codex_verified,60,verified,accurately_unavailable,not_applicable,0,0,verified,2026-08-27T19:29:59.373Z
osm-tacos-don-perez-8504662317,Tacos Don Perez,codex_verified,34,verified,accurately_unavailable,not_applicable,0,0,verified,2026-08-27T19:29:59.373Z
takoda-beer-garden-and-rooftop-bar-washington-dc-dc-metro,TAKODA Beer Garden & Rooftop Bar,codex_verified,29,verified,accurately_unavailable,not_applicable,0,0,verified,2026-08-27T19:29:59.373Z
replacement-takumi-falls-church-va,Takumi,codex_verified,84,verified,accurately_unavailable,not_applicable,0,0,verified,2026-08-27T19:29:59.373Z
takumi-navy-yard-dc,Takumi Japanese Bistro & Bar Navy Yard,codex_verified,98,verified,accurately_unavailable,not_applicable,0,0,verified,2026-08-27T19:29:59.373Z
replacement-talia-s-cuzina-kensington-md,Talia's Cuzina,codex_verified,54,verified,accurately_unavailable,not_applicable,0,0,verified,2026-08-27T19:29:59.373Z
talkin-tacos-washington-dc-washington-dc-dc-metro,Talkin' Tacos Washington DC,codex_verified,85,verified,accurately_unavailable,not_applicable,0,0,verified,2026-08-27T19:29:59.373Z
tamashaa-modern-indian-restaurant-and-cocktail-bar-washington-dc-dc-metro,Tamashaa - Modern Indian Restaurant & Cocktail Bar,codex_verified,63,verified,verified,not_applicable,0,0,verified,2026-08-27T19:29:59.373Z
replacement-tampico-grill-laurel-md,Tampico Grill,codex_verified,58,verified,accurately_unavailable,not_applicable,0,0,verified,2026-08-27T19:29:59.373Z
tandoori-nights-gaithersburg-dc-metro,Tandoori Nights Gaithersburg,codex_verified,118,verified,accurately_unavailable,not_applicable,0,0,verified,2026-08-27T19:29:59.373Z
replacement-tap99-washington-dc,Tap99,codex_verified,49,verified,accurately_unavailable,not_applicable,0,0,verified,2026-08-27T19:29:59.373Z
tapori-dc,Tapori,codex_verified,39,verified,accurately_unavailable,not_applicable,0,0,verified,2026-08-27T19:29:59.373Z
taqueria-al-lado-h-street-dc,Taqueria Al Lado H Street,codex_verified,43,verified,accurately_unavailable,not_applicable,0,0,verified,2026-08-27T19:29:59.373Z
taqueria-habanero-dc,Taqueria Habanero,codex_verified,49,verified,accurately_unavailable,not_applicable,0,0,verified,2026-08-27T19:29:59.373Z
taqueria-los-perez-washington-dc-dc-metro,Taqueria Los Perez,codex_verified,92,verified,accurately_unavailable,not_applicable,0,0,verified,2026-08-27T19:29:59.373Z
taqueria-los-primos-washington-dc-dc-metro,Taqueria Los Primos,codex_verified,68,verified,accurately_unavailable,not_applicable,0,0,verified,2026-08-27T19:29:59.373Z
replacement-taqueria-xochi-u-street-washington-dc,Taqueria Xochi - U street,codex_verified,100,verified,accurately_unavailable,not_applicable,0,0,verified,2026-08-27T19:29:59.373Z
tasty-kabob-tysons-va,Tasty Kabob Tysons,codex_verified,8,verified,accurately_unavailable,not_applicable,0,0,verified,2026-08-27T19:29:59.373Z
osm-tasty-nook-12663327602,Tasty Nook Cafe,codex_verified,166,verified,accurately_unavailable,not_applicable,0,0,verified,2026-08-27T19:29:59.373Z
tatte-dc,Tatte Bakery & Cafe,codex_verified,169,verified,verified,not_applicable,0,0,verified,2026-08-27T19:29:59.373Z
tatte-bethesda-md,Tatte Bakery & Cafe Bethesda,codex_verified,119,verified,verified,not_applicable,0,0,verified,2026-08-12T14:12:58.547Z
tatte-reston-va,Tatte Bakery & Cafe Reston,codex_verified,119,verified,verified,not_applicable,0,0,verified,2026-08-12T14:13:18.156Z
teaism-dupont-dc,Teaism Dupont Circle,codex_verified,93,verified,accurately_unavailable,not_applicable,0,0,verified,2026-08-27T19:29:59.373Z
replacement-teaism-penn-quarter-washington-dc,Teaism Penn Quarter,codex_verified,74,verified,verified,not_applicable,0,0,verified,2026-08-27T19:29:59.373Z
techo-palma-formerly-el-techo-washington-dc-dc-metro,Techo Palma (formerly El Techo),codex_verified,13,verified,accurately_unavailable,not_applicable,0,0,verified,2026-08-27T19:29:59.373Z
teds-bulletin-dc,Ted's Bulletin,codex_verified,153,verified,accurately_unavailable,not_applicable,0,0,verified,2026-08-27T19:29:59.373Z
osm-ted-s-montana-2414839960,Ted's Montana Grill,codex_verified,85,verified,verified,not_applicable,0,0,verified,2026-08-27T19:29:59.373Z
teddy-and-the-bully-bar-washington-dc-dc-metro,Teddy & The Bully Bar,codex_verified,173,verified,accurately_unavailable,not_applicable,0,0,verified,2026-08-27T19:29:59.373Z
replacement-tequila-and-mezcal-washington-dc,Tequila & Mezcal,codex_verified,27,verified,accurately_unavailable,not_applicable,0,0,verified,2026-08-27T19:29:59.373Z
texas-de-brazil-fairfax-fairfax-va-dc-metro,Texas de Brazil - Fairfax,codex_verified,48,verified,accurately_unavailable,not_applicable,0,0,verified,2026-08-27T19:29:59.373Z
texas-jack-s-barbecue-washington-dc-dc-metro,Texas Jack’s Barbecue,codex_verified,63,verified,accurately_unavailable,not_applicable,0,0,verified,2026-08-27T19:29:59.373Z
texas-roadhouse,Texas Roadhouse,codex_verified,57,verified,verified,verified,0,0,verified,2026-08-27T19:29:59.373Z
tgi-fridays,TGI Fridays,codex_verified,238,verified,verified,not_applicable,0,0,verified,2026-08-27T19:29:59.373Z
replacement-thai-and-time-again-washington-dc,Thai And Time Again,codex_verified,52,verified,accurately_unavailable,not_applicable,0,0,verified,2026-08-27T19:29:59.373Z
replacement-thai-chef-rockville-rockville-md,Thai Chef Rockville,codex_verified,59,verified,accurately_unavailable,not_applicable,0,0,verified,2026-08-27T19:29:59.373Z
replacement-thai-ghang-waan-springfield-va,Thai Ghang Waan,codex_verified,54,verified,accurately_unavailable,not_applicable,0,0,verified,2026-08-27T19:29:59.373Z
angry-jerk-silver-spring-dc-metro,The Angry Jerk Silver Spring,codex_verified,52,verified,accurately_unavailable,not_applicable,0,0,verified,2026-08-27T19:29:59.373Z
ashby-inn-paris-va,The Ashby Inn & Restaurant,codex_verified,37,verified,accurately_unavailable,not_applicable,0,0,verified,2026-08-27T19:29:59.373Z
the-auld-shebeen-fairfax-va-dc-metro,The Auld Shebeen,codex_verified,11,verified,accurately_unavailable,not_applicable,0,0,verified,2026-08-27T19:29:59.373Z
the-bazaar-dc,The Bazaar by Jose Andres DC,codex_verified,76,verified,accurately_unavailable,not_applicable,0,0,verified,2026-08-27T19:29:59.373Z
replacement-the-big-greek-cafe-kensington-md,The Big Greek Cafe,codex_verified,126,verified,accurately_unavailable,not_applicable,0,0,verified,2026-08-27T19:29:59.373Z
the-board-and-brew-college-park-dc-metro,The Board and Brew College Park,codex_verified,89,verified,accurately_unavailable,not_applicable,0,0,verified,2026-08-27T19:29:59.373Z
bombay-canteen-alexandria-va,The Bombay Canteen,codex_verified,44,verified,accurately_unavailable,not_applicable,0,0,verified,2026-08-27T19:29:59.373Z
bombay-club-dc,The Bombay Club,codex_verified,87,verified,accurately_unavailable,not_applicable,0,0,verified,2026-08-27T19:29:59.373Z
boulevard-arlington-va,The Boulevard,codex_verified,92,verified,accurately_unavailable,not_applicable,0,0,verified,2026-08-27T19:29:59.373Z
the-brass-tap-washington-dc-dc-metro,The Brass Tap,blocked_unverifiable,45,verified,verified,not_applicable,0,0,blocked_unverifiable,2026-08-12T16:17:33.158Z
the-breakfast-club-silver-spring-dc-metro,The Breakfast Club Silver Spring,codex_verified,70,verified,accurately_unavailable,not_applicable,0,0,verified,2026-08-27T19:29:59.373Z
the-bungalow-lakehouse-sterling-va-dc-metro,The Bungalow Lakehouse,codex_verified,117,verified,accurately_unavailable,not_applicable,0,0,verified,2026-08-27T19:29:59.373Z
osm-burger-shack-9421511261,The Burger Shack,codex_verified,79,verified,accurately_unavailable,not_applicable,0,0,verified,2026-08-27T19:29:59.373Z
the-burger-shack-ashburn-dc-metro,The Burger Shack Ashburn,codex_verified,75,verified,accurately_unavailable,not_applicable,0,0,verified,2026-08-27T19:29:59.373Z
the-capital-burger-washington-dc-dc-metro,The Capital Burger,codex_verified,29,verified,accurately_unavailable,not_applicable,0,0,verified,2026-08-27T19:29:59.373Z
the-capital-grille-dc,The Capital Grille DC,codex_verified,83,verified,verified,not_applicable,0,0,verified,2026-08-27T19:29:59.373Z
cheesecake-factory,The Cheesecake Factory,codex_verified,243,verified,verified,verified,0,0,verified,2026-08-31T23:23:17.718Z
the-continent-dc-washington-dc-dc-metro,The Continent DC,codex_verified,36,verified,accurately_unavailable,not_applicable,0,0,verified,2026-08-27T19:29:59.373Z
the-corby-kitchen-north-bethesda-md,The Corby Kitchen,codex_verified,69,verified,accurately_unavailable,not_applicable,0,0,verified,2026-08-27T19:29:59.373Z
the-coupe-dc,The Coupe,codex_verified,116,verified,accurately_unavailable,not_applicable,0,0,verified,2026-08-27T19:29:59.373Z
the-dabney-dc,The Dabney,codex_verified,12,verified,accurately_unavailable,not_applicable,0,0,verified,2026-08-27T19:29:59.373Z
replacement-the-daily-dish-silver-spring-md,The Daily Dish,codex_verified,66,verified,accurately_unavailable,not_applicable,0,0,verified,2026-08-27T19:29:59.373Z
replacement-the-delegate-washington-dc,The Delegate,codex_verified,79,verified,accurately_unavailable,not_applicable,0,0,verified,2026-08-27T19:29:59.373Z
the-diner-adams-morgan-dc,The Diner,codex_verified,96,verified,accurately_unavailable,not_applicable,0,0,verified,2026-08-27T19:29:59.373Z
replacement-the-district-fishwife-washington-dc,The District Fishwife,codex_verified,37,verified,accurately_unavailable,not_applicable,0,0,verified,2026-08-27T19:29:59.373Z
replacement-the-dons-wood-fired-pizza-sterling-va,The Dons' Wood Fired Pizza,codex_verified,29,verified,accurately_unavailable,not_applicable,0,0,verified,2026-08-27T19:29:59.373Z
the-dubliner-restaurant-washington-dc-dc-metro,The Dubliner Restaurant,codex_verified,133,verified,accurately_unavailable,not_applicable,0,0,verified,2026-08-27T19:29:59.373Z
the-falls-falls-church-va,The Falls,codex_verified,147,verified,accurately_unavailable,not_applicable,0,0,verified,2026-08-27T19:29:59.373Z
replacement-the-farmhouse-tuscan-alexandria-va,The Farmhouse Tuscan,codex_verified,19,verified,accurately_unavailable,not_applicable,0,0,verified,2026-08-27T19:29:59.373Z
the-flying-mexican-washington-dc-dc-metro,The Flying Mexican,codex_verified,243,verified,accurately_unavailable,not_applicable,0,0,verified,2026-08-27T19:29:59.373Z
fountain-inn-dc,The Fountain Inn,codex_verified,15,verified,accurately_unavailable,not_applicable,0,0,verified,2026-08-27T19:29:59.373Z
the-green-zone-dc,The Green Zone,codex_verified,27,verified,accurately_unavailable,not_applicable,0,0,verified,2026-08-27T19:29:59.373Z
replacement-the-greenhouse-washington-dc,The Greenhouse,codex_verified,28,verified,accurately_unavailable,not_applicable,0,0,verified,2026-08-27T19:29:59.373Z
greenhouse-jefferson-dc,The Greenhouse at The Jefferson,codex_verified,11,verified,accurately_unavailable,not_applicable,0,0,verified,2026-08-27T19:29:59.373Z
the-grill-washington-dc-dc-metro,THE GRILL,codex_verified,80,verified,accurately_unavailable,not_applicable,0,0,verified,2026-08-27T19:29:59.373Z
replacement-the-grilled-oyster-company-gaithersburg-md,The Grilled Oyster Company,codex_verified,113,verified,accurately_unavailable,not_applicable,0,0,verified,2026-08-27T19:29:59.373Z
the-halal-guys,The Halal Guys,codex_verified,47,verified,verified,not_applicable,0,0,verified,2026-08-27T19:29:59.373Z
the-hamilton-dc,The Hamilton,codex_verified,137,verified,accurately_unavailable,not_applicable,0,0,verified,2026-08-27T19:29:59.373Z
the-harbour-grille-woodbridge-va-dc-metro,The Harbour Grille,codex_verified,137,verified,accurately_unavailable,not_applicable,0,0,verified,2026-08-27T19:29:59.373Z
inn-at-little-washington-va,The Inn at Little Washington,codex_verified,0,verified,accurately_unavailable,not_applicable,0,0,verified,2026-08-27T19:29:59.373Z
the-inn-at-little-washington-va,The Inn at Little Washington,codex_verified,0,verified,accurately_unavailable,not_applicable,0,0,verified,2026-08-27T19:29:59.373Z
the-italian-oven-mclean-va,The Italian Oven,codex_verified,147,verified,accurately_unavailable,not_applicable,0,0,verified,2026-08-27T19:29:59.373Z
the-italian-store-arlington-va,The Italian Store,codex_verified,28,verified,accurately_unavailable,not_applicable,0,0,verified,2026-08-27T19:29:59.373Z
the-jerk-pit-college-park-md-dc-metro,The Jerk Pit,codex_verified,156,verified,accurately_unavailable,not_applicable,0,0,verified,2026-08-27T19:29:59.373Z
replacement-the-lafayette-washington-dc,The Lafayette,codex_verified,88,verified,accurately_unavailable,not_applicable,0,0,verified,2026-08-27T19:29:59.373Z
the-liberty-tavern-arlington-va-dc-metro,The Liberty Tavern,codex_verified,111,verified,accurately_unavailable,not_applicable,0,0,verified,2026-08-27T19:29:59.373Z
replacement-the-light-horse-restaurant-and-bar-alexandria-va,The Light Horse Restaurant and Bar,codex_verified,79,verified,accurately_unavailable,not_applicable,0,0,verified,2026-08-27T19:29:59.373Z
little-grand-dc,The Little Grand,codex_verified,18,verified,accurately_unavailable,not_applicable,0,0,verified,2026-08-27T19:29:59.373Z
replacement-the-little-grand-washington-dc,The Little Grand,codex_verified,29,verified,accurately_unavailable,not_applicable,0,0,verified,2026-08-27T19:29:59.373Z
replacement-the-lost-fox-ashburn-va,The Lost Fox,codex_verified,37,verified,accurately_unavailable,not_applicable,0,0,verified,2026-08-27T19:29:59.373Z
the-majestic-by-santiago-lopez-alexandria-va-dc-metro,The Majestic by Santiago Lopez,codex_verified,45,verified,accurately_unavailable,not_applicable,0,0,verified,2026-08-27T19:29:59.373Z
the-monocle-dc,The Monocle,codex_verified,62,verified,accurately_unavailable,not_applicable,0,0,verified,2026-08-27T19:29:59.373Z
the-mount-vernon-inn-restaurant-washington-dc-dc-metro,The Mount Vernon Inn Restaurant,codex_verified,122,verified,accurately_unavailable,not_applicable,0,0,verified,2026-08-27T19:29:59.373Z
naisho-room-tysons-va,The Naisho Room,codex_verified,1,verified,accurately_unavailable,not_applicable,0,0,verified,2026-08-27T19:29:59.373Z
oak-room-bernadettes-dc,The Oak Room / Bernadette's,codex_verified,34,verified,accurately_unavailable,not_applicable,0,0,verified,2026-08-27T19:29:59.373Z
occidental-dc,The Occidental,codex_verified,102,verified,accurately_unavailable,not_applicable,0,0,verified,2026-08-27T19:29:59.373Z
replacement-the-organic-butcher-mclean-va,The Organic Butcher,codex_verified,184,verified,accurately_unavailable,not_applicable,0,0,verified,2026-08-27T19:29:59.373Z
the-palm-tysons-tysons-va-dc-metro,The Palm - Tysons,codex_verified,51,verified,accurately_unavailable,not_applicable,0,0,verified,2026-08-27T19:29:59.373Z
the-park-at-14th-washington-dc-dc-metro,The Park at 14th,codex_verified,43,verified,accurately_unavailable,not_applicable,0,0,verified,2026-08-27T19:29:59.373Z
the-pembroke-dc,The Pembroke,codex_verified,37,verified,accurately_unavailable,not_applicable,0,0,verified,2026-08-27T19:29:59.373Z
the-pub-and-the-people-washington-dc-dc-metro,The Pub & The People,codex_verified,58,verified,accurately_unavailable,not_applicable,0,0,verified,2026-08-27T19:29:59.373Z
the-queen-vic-washington-dc-dc-metro,The Queen Vic,codex_verified,96,verified,accurately_unavailable,not_applicable,0,0,verified,2026-08-27T19:29:59.373Z
the-ramyun-zip-centreville-va-dc-metro,THE RAMYUN ZIP,codex_verified,90,verified,accurately_unavailable,not_applicable,0,0,verified,2026-08-27T19:29:59.373Z
the-red-hen-dc,The Red Hen,codex_verified,41,verified,accurately_unavailable,not_applicable,0,0,verified,2026-08-27T19:29:59.373Z
restaurant-at-patowmack-farm-lovettsville-va,The Restaurant at Patowmack Farm,codex_verified,11,verified,accurately_unavailable,not_applicable,0,0,verified,2026-08-27T19:29:59.373Z
the-riggsby-dc,The Riggsby,codex_verified,65,verified,accurately_unavailable,not_applicable,0,0,verified,2026-08-27T19:29:59.373Z
the-royal-dc,The Royal,codex_verified,34,verified,accurately_unavailable,not_applicable,0,0,verified,2026-08-27T19:29:59.373Z
the-saga-dc,The Saga,codex_verified,20,verified,accurately_unavailable,not_applicable,0,0,verified,2026-08-27T19:29:59.373Z
salt-line-bethesda-md,The Salt Line Bethesda,codex_verified,59,verified,accurately_unavailable,not_applicable,0,0,verified,2026-08-27T19:29:59.373Z
salt-line-dc,The Salt Line DC,codex_verified,54,verified,accurately_unavailable,not_applicable,0,0,verified,2026-08-27T19:29:59.373Z
replacement-the-sandwich-shop-vienna-va,The Sandwich Shop,codex_verified,58,verified,accurately_unavailable,not_applicable,0,0,verified,2026-08-27T19:29:59.373Z
the-secret-garden-cafe-washington-dc-dc-metro,The Secret Garden Cafe,codex_verified,135,verified,accurately_unavailable,not_applicable,0,0,verified,2026-08-27T19:29:59.373Z
the-smith-penn-quarter-dc,The Smith Penn Quarter,codex_verified,124,verified,accurately_unavailable,not_applicable,0,0,verified,2026-08-27T19:29:59.373Z
the-sovereign-washington-dc-dc-metro,The Sovereign,codex_verified,80,verified,accurately_unavailable,not_applicable,0,0,verified,2026-08-27T19:29:59.373Z
the-tombs-washington-dc-dc-metro,The Tombs,codex_verified,53,verified,accurately_unavailable,not_applicable,0,0,verified,2026-08-27T19:29:59.373Z
the-upper-room-dc,The Upper Room,codex_verified,31,verified,accurately_unavailable,not_applicable,0,0,verified,2026-08-27T19:29:59.373Z
the-walrus-oyster-and-ale-house-washington-dc-dc-metro,The Walrus Oyster & Ale House,codex_verified,53,verified,accurately_unavailable,not_applicable,0,0,verified,2026-08-27T19:29:59.373Z
the-warehouse-alexandria-va-dc-metro,The Warehouse,codex_verified,107,verified,accurately_unavailable,not_applicable,0,0,verified,2026-08-27T19:29:59.373Z
replacement-the-wharf-alexandria-va,The Wharf,codex_verified,139,verified,accurately_unavailable,not_applicable,0,0,verified,2026-08-27T19:29:59.373Z
thip-khao-dc,Thip Khao,codex_verified,36,verified,accurately_unavailable,not_applicable,0,0,verified,2026-08-27T19:29:59.373Z
osm-thompson-italian-11874404375,Thompson Italian,codex_verified,30,verified,accurately_unavailable,not_applicable,0,0,verified,2026-08-27T19:29:59.373Z
thompson-italian-falls-church-dc-metro,Thompson Italian Falls Church,codex_verified,53,verified,accurately_unavailable,not_applicable,0,0,verified,2026-08-27T19:29:59.373Z
tiffin-hut-herndon-va,Tiffin Hut,codex_verified,25,verified,accurately_unavailable,not_applicable,0,0,verified,2026-08-27T19:29:59.373Z
tiger-dumplings-arlington-va,Tiger Dumplings,codex_verified,104,verified,accurately_unavailable,not_applicable,0,0,verified,2026-08-27T19:29:59.373Z
tiger-fork-washington-dc-dc-metro,Tiger Fork,codex_verified,26,verified,accurately_unavailable,not_applicable,0,0,verified,2026-08-27T19:29:59.373Z
replacement-tiki-garden-thai-street-food-dc-washington-dc,Tiki Garden Thai Street Food DC,codex_verified,48,verified,accurately_unavailable,not_applicable,0,0,verified,2026-08-27T19:29:59.373Z
replacement-tiki-on-18th-washington-dc,Tiki On 18th,codex_verified,33,verified,accurately_unavailable,not_applicable,0,0,verified,2026-08-27T19:29:59.373Z
tiki-thai-reston-reston-va-dc-metro,Tiki Thai Reston,codex_verified,28,verified,accurately_unavailable,not_applicable,0,0,verified,2026-08-27T19:29:59.373Z
replacement-tikka-washington-dc,Tikka,codex_verified,66,verified,accurately_unavailable,not_applicable,0,0,verified,2026-08-27T19:29:59.373Z
timber-pizza-dc,Timber Pizza Co.,codex_verified,51,verified,accurately_unavailable,not_applicable,0,0,verified,2026-08-27T19:29:59.373Z
timber-pizza-mclean-dc-metro,Timber Pizza McLean,codex_verified,27,verified,accurately_unavailable,not_applicable,0,0,verified,2026-08-27T19:29:59.373Z
chain-toastique,Toastique,codex_verified,74,verified,verified,not_applicable,0,0,verified,2026-08-27T19:29:59.373Z
toki-underground-dc,Toki Underground,codex_verified,55,verified,accurately_unavailable,not_applicable,0,0,verified,2026-08-27T19:29:59.373Z
tom-s-watch-bar-national-harbor-washington-dc-dc-metro,Tom's Watch Bar - National Harbor,codex_verified,87,verified,accurately_unavailable,not_applicable,0,0,verified,2026-08-27T19:29:59.373Z
tom-s-watch-bar-navy-yard-washington-dc-dc-metro,Tom's Watch Bar - Navy Yard,codex_verified,87,verified,accurately_unavailable,not_applicable,0,0,verified,2026-08-27T19:29:59.373Z
tonic-quigleys-dc,Tonic at Quigley's,codex_verified,78,verified,accurately_unavailable,not_applicable,0,0,verified,2026-08-27T19:29:59.373Z
topgolf-national-harbor-washington-dc-dc-metro,Topgolf National Harbor,codex_verified,37,verified,accurately_unavailable,not_applicable,0,0,verified,2026-08-27T19:29:59.373Z
tortino-dc,Tortino Restaurant,codex_verified,39,verified,accurately_unavailable,not_applicable,0,0,verified,2026-08-27T19:29:59.373Z
tout-de-sweet-bethesda-dc-metro,Tout de Sweet Bethesda,codex_verified,91,verified,accurately_unavailable,not_applicable,0,0,verified,2026-08-27T19:29:59.373Z
replacement-trattoria-sorrento-bethesda-md,Trattoria Sorrento,codex_verified,93,verified,accurately_unavailable,not_applicable,0,0,verified,2026-08-27T19:29:59.373Z
trattoria-villagio-washington-dc-dc-metro,Trattoria Villagio,codex_verified,144,verified,accurately_unavailable,not_applicable,0,0,verified,2026-08-27T19:29:59.373Z
replacement-trio-grill-falls-church-va,TRIO Grill,codex_verified,41,verified,accurately_unavailable,not_applicable,0,0,verified,2026-08-27T19:29:59.373Z
trio-grill-falls-church-va,TRIO Grill,codex_verified,36,verified,accurately_unavailable,not_applicable,0,0,verified,2026-08-27T19:29:59.373Z
replacement-tristate-indian-cuisine-herndon-va,TriState Indian Cuisine,codex_verified,108,verified,accurately_unavailable,not_applicable,0,0,verified,2026-08-27T19:29:59.373Z
tropical-smoothie-cafe,Tropical Smoothie Cafe,codex_verified,115,verified,verified,not_applicable,0,0,verified,2026-08-12T13:55:08.516Z
true-food-kitchen,True Food Kitchen,codex_verified,110,verified,verified,not_applicable,0,0,verified,2026-08-27T19:29:59.373Z
true-food-kitchen-arlington,True Food Kitchen Arlington,codex_verified,110,verified,verified,not_applicable,0,0,verified,2026-08-27T19:29:59.373Z
trummer-s-restaurant-washington-dc-dc-metro,Trummer's Restaurant,codex_verified,29,verified,accurately_unavailable,not_applicable,0,0,verified,2026-08-27T19:29:59.373Z
tsehay-ethiopian-dc,Tsehay Ethiopian,codex_verified,28,verified,accurately_unavailable,not_applicable,0,0,verified,2026-08-27T19:29:59.373Z
replacement-tsehay-ethiopian-restaurant-and-bar-washington-dc,Tsehay Ethiopian Restaurant And Bar,codex_verified,19,verified,accurately_unavailable,not_applicable,0,0,verified,2026-08-27T19:29:59.373Z
tune-inn-dc,Tune Inn Restaurant & Bar,codex_verified,43,verified,accurately_unavailable,not_applicable,0,0,verified,2026-08-27T19:29:59.373Z
tupelo-honey-southern-kitchen-and-bar-arlington-va-dc-metro,Tupelo Honey Southern Kitchen & Bar,codex_verified,143,verified,accurately_unavailable,not_applicable,0,0,verified,2026-08-27T19:29:59.373Z
turmerica-by-tanvi-modi-sterling-va-dc-metro,Turmerica By Tanvi Modi,codex_verified,91,verified,accurately_unavailable,not_applicable,0,0,verified,2026-08-27T19:29:59.373Z
tuscarora-mill-restaurant-leesburg-va-dc-metro,Tuscarora Mill Restaurant,codex_verified,61,verified,verified,not_applicable,0,0,verified,2026-08-27T19:29:59.373Z
uchi-dc,Uchi DC,codex_verified,125,verified,accurately_unavailable,not_applicable,0,0,verified,2026-08-27T19:29:59.373Z
replacement-umai-ramen-and-rice-bowl-herndon-va,Umai Ramen & Rice Bowl,codex_verified,40,verified,accurately_unavailable,not_applicable,0,0,verified,2026-08-27T19:29:59.373Z
umaya-izakaya-washington-dc-dc-metro,Umaya Izakaya,codex_verified,176,verified,accurately_unavailable,not_applicable,0,0,verified,2026-08-27T19:29:59.373Z
uncle-jalapeno-herndon-va-dc-metro,Uncle Jalapeno,codex_verified,5,verified,accurately_unavailable,not_applicable,0,0,verified,2026-08-27T19:29:59.373Z
uncle-julio-s-gaithersburg-gaithersburg-md-dc-metro,Uncle Julio's Gaithersburg,codex_verified,143,verified,accurately_unavailable,not_applicable,0,0,verified,2026-08-27T19:29:59.373Z
unconventional-diner-washington-dc-dc-metro,Unconventional Diner,codex_verified,86,verified,accurately_unavailable,not_applicable,0,0,verified,2026-08-27T19:29:59.373Z
replacement-union-kitchen-3rd-washington-dc,Union Kitchen 3rd,codex_verified,12,verified,accurately_unavailable,not_applicable,0,0,verified,2026-08-12T14:26:13.681Z
union-street-public-house-alexandria-va-dc-metro,Union Street Public House,codex_verified,50,verified,accurately_unavailable,not_applicable,0,0,verified,2026-08-27T19:29:59.373Z
urban-butcher-silver-spring-md,Urban Butcher,codex_verified,12,verified,accurately_unavailable,not_applicable,0,0,verified,2026-08-27T19:29:59.373Z
urban-roast-washington-dc-dc-metro,Urban Roast,codex_verified,110,verified,accurately_unavailable,not_applicable,0,0,verified,2026-08-27T19:29:59.373Z
osm-urbano-9821308296,Urbano,codex_verified,147,verified,accurately_unavailable,not_applicable,0,0,verified,2026-08-27T19:29:59.373Z
uzu-revolving-sushi-rockville-md-dc-metro,UZU Revolving Sushi,codex_verified,260,verified,accurately_unavailable,not_applicable,0,0,verified,2026-08-27T19:29:59.373Z
vace-italian-delicatessen-bethesda-md,Vace Italian Delicatessen Bethesda,codex_verified,20,verified,accurately_unavailable,not_applicable,0,0,verified,2026-08-27T19:29:59.373Z
replacement-vagabond-bar-and-kitchen-washington-dc,Vagabond Bar and Kitchen,codex_verified,22,verified,accurately_unavailable,not_applicable,0,0,verified,2026-08-27T19:29:59.373Z
van-leeuwen-dc,Van Leeuwen Ice Cream,codex_verified,85,verified,verified,not_applicable,0,0,verified,2026-08-27T19:29:59.373Z
replacement-vasili-s-kitchen-gaithersburg-md,Vasili's Kitchen,codex_verified,60,verified,accurately_unavailable,not_applicable,0,0,verified,2026-08-27T19:29:59.373Z
velocity-bar-kitchen-fairfax-va,Velocity Bar + Kitchen Fairfax,codex_verified,53,verified,accurately_unavailable,not_applicable,0,0,verified,2026-08-27T19:29:59.373Z
replacement-vermilion-restaurant-and-bar-alexandria-va,Vermilion Restaurant & Bar,codex_verified,41,verified,accurately_unavailable,not_applicable,0,0,verified,2026-08-27T19:29:59.373Z
replacement-vienna-inn-vienna-va,Vienna Inn,codex_verified,33,verified,accurately_unavailable,not_applicable,0,0,verified,2026-08-27T19:29:59.373Z
replacement-villa-yara-washington-dc,Villa Yara,codex_verified,76,verified,accurately_unavailable,not_applicable,0,0,verified,2026-08-27T19:29:59.373Z
villa-yara-georgetown-dc,Villa Yara Georgetown,codex_verified,40,verified,accurately_unavailable,not_applicable,0,0,verified,2026-08-27T19:29:59.373Z
virginia-kitchen-herndon-va-dc-metro,Virginia Kitchen,codex_verified,132,verified,accurately_unavailable,not_applicable,0,0,verified,2026-08-27T19:29:59.373Z
virtue-feed-and-grain-alexandria-va-dc-metro,Virtue Feed & Grain,codex_verified,61,verified,accurately_unavailable,not_applicable,0,0,verified,2026-08-27T19:29:59.373Z
chain-vocelli-pizza,Vocelli Pizza,codex_verified,20,verified,accurately_unavailable,not_applicable,0,0,verified,2026-08-27T19:29:59.373Z
volas-dockside-grill-and-hi-tide-lounge-alexandria-va-dc-metro,Vola’s Dockside Grill and Hi-Tide Lounge,codex_verified,52,verified,accurately_unavailable,not_applicable,0,0,verified,2026-08-27T19:29:59.373Z
replacement-voltaggio-brothers-steak-house-fort-washington-md,Voltaggio Brothers Steak House,codex_verified,14,verified,accurately_unavailable,not_applicable,0,0,verified,2026-08-27T19:29:59.373Z
wagamama-clarendon-arlington-va,wagamama Clarendon Arlington,codex_verified,27,verified,accurately_unavailable,not_applicable,0,0,verified,2026-08-27T19:29:59.373Z
replacement-walter-s-sports-bar-and-restaurant-washington-dc,Walter’s Sports Bar and Restaurant,codex_verified,59,verified,accurately_unavailable,not_applicable,0,0,verified,2026-08-27T19:29:59.373Z
walters-sports-bar-navy-yard-dc,Walter's Sports Bar Navy Yard,codex_verified,50,verified,accurately_unavailable,not_applicable,0,0,verified,2026-08-27T19:29:59.373Z
wendys,Wendy's,codex_verified,158,verified,verified,not_applicable,0,0,verified,2026-08-12T13:53:16.233Z
replacement-wild-tacoz-falls-church-va,Wild Tacoz,codex_verified,34,verified,accurately_unavailable,not_applicable,0,0,verified,2026-08-27T19:29:59.373Z
wildfire-mclean-va-dc-metro,Wildfire,codex_verified,210,verified,accurately_unavailable,not_applicable,0,0,verified,2026-08-27T19:29:59.373Z
wingos-georgetown-dc,Wingo's Georgetown,codex_verified,88,verified,accurately_unavailable,not_applicable,0,0,verified,2026-08-27T19:29:59.373Z
wingstop,Wingstop,codex_verified,27,verified,verified,not_applicable,0,0,verified,2026-08-12T13:53:51.925Z
wiseguy-pizza-dc,Wiseguy Pizza,codex_verified,31,verified,accurately_unavailable,not_applicable,0,0,verified,2026-08-27T19:29:59.373Z
wooboi-chicken-va,Wooboi Chicken,codex_verified,22,verified,accurately_unavailable,not_applicable,0,0,verified,2026-08-27T19:29:59.373Z
wren-tysons-va,Wren Tysons,codex_verified,49,verified,accurately_unavailable,not_applicable,0,0,verified,2026-08-27T19:29:59.373Z
wunder-garten-washington-dc-dc-metro,Wunder Garten,codex_verified,1,verified,accurately_unavailable,not_applicable,0,0,verified,2026-08-27T19:29:59.373Z
xiquet-dc,Xiquet by Danny Lledo,codex_verified,7,verified,accurately_unavailable,not_applicable,0,0,verified,2026-08-27T19:29:59.373Z
yard-house,Yard House,codex_verified,162,verified,verified,not_applicable,0,0,verified,2026-08-12T13:55:31.807Z
yardbird-washington-dc-dc-metro,Yardbird,codex_verified,79,verified,accurately_unavailable,not_applicable,0,0,verified,2026-08-27T19:29:59.373Z
yayla-bistro-arlington-va-dc-metro,Yayla Bistro,codex_verified,119,verified,accurately_unavailable,not_applicable,0,0,verified,2026-08-27T19:29:59.373Z
yechon-korean-restaurant-annandale-va-dc-metro,Yechon Korean Restaurant,codex_verified,51,verified,accurately_unavailable,not_applicable,0,0,verified,2026-08-27T19:29:59.373Z
yellow-georgetown-dc,YELLOW Georgetown,codex_verified,64,verified,accurately_unavailable,not_applicable,0,0,verified,2026-08-27T19:29:59.373Z
yellow-union-market-dc,YELLOW Union Market,codex_verified,45,verified,accurately_unavailable,not_applicable,0,0,verified,2026-08-27T19:29:59.373Z
replacement-yerevan-cafe-washington-dc,Yerevan Cafe,codex_verified,10,verified,accurately_unavailable,not_applicable,0,0,verified,2026-08-27T19:29:59.373Z
replacement-yosaku-japanese-restaurant-washington-dc,Yosaku Japanese Restaurant,codex_verified,178,verified,accurately_unavailable,not_applicable,0,0,verified,2026-08-27T19:29:59.373Z
your-only-friend-dc,Your Only Friend,codex_verified,24,verified,accurately_unavailable,not_applicable,0,0,verified,2026-09-02T16:38:51.761Z
yu-noodles-dc,Yu Noodles DC,codex_verified,11,verified,accurately_unavailable,not_applicable,0,0,verified,2026-08-12T14:09:07.505Z
yuan-fu-vegetarian-rockville-md,Yuan Fu Vegetarian,codex_verified,30,verified,accurately_unavailable,not_applicable,0,0,verified,2026-08-27T19:29:59.373Z
yume-sushi-arlington-dc-metro,Yume Sushi Arlington,codex_verified,88,verified,accurately_unavailable,not_applicable,0,0,verified,2026-08-27T19:29:59.373Z
zaytinya-dc,Zaytinya,codex_verified,96,verified,accurately_unavailable,not_applicable,0,0,verified,2026-08-27T19:29:59.373Z
replacement-zeffirelli-ristorante-italiano-herndon-va,Zeffirelli Ristorante Italiano,codex_verified,120,verified,accurately_unavailable,not_applicable,0,0,verified,2026-08-27T19:29:59.373Z
zeppelin-dc,Zeppelin,codex_verified,87,verified,accurately_unavailable,not_applicable,0,0,verified,2026-08-27T19:29:59.373Z
zinnia-silver-spring-dc-metro,Zinnia Silver Spring,codex_verified,41,verified,accurately_unavailable,not_applicable,0,0,verified,2026-08-27T19:29:59.373Z
